date,sunshine_h_kyushu_mean,sunshine_fukuoka,sunshine_saga,sunshine_nagasaki,sunshine_kumamoto,sunshine_oita,sunshine_miyazaki,sunshine_kagoshima
2018-10-01,8.185714285714285,5.1,7.0,7.5,8.5,9.2,11.0,9.0
2018-10-02,4.442857142857143,4.3,5.3,2.3,3.1,3.4,6.6,6.1
2018-10-03,9.328571428571431,10.8,11.1,10.0,8.3,7.5,9.6,8.0
2018-10-04,0.028571428571428574,0.0,0.1,0.0,0.0,0.0,0.0,0.1
2018-10-05,2.4,2.0,1.7,5.3,1.6,0.9,2.5,2.8
2018-10-06,1.9285714285714286,1.4,0.2,0.0,0.2,4.0,5.9,1.8
2018-10-07,6.271428571428572,6.1,1.9,7.9,5.6,4.5,7.6,10.3
2018-10-08,9.142857142857142,9.3,9.5,6.5,10.0,10.3,9.3,9.1
2018-10-09,8.214285714285714,8.0,8.2,7.6,10.2,5.7,7.5,10.3
2018-10-10,0.9714285714285715,0.1,0.1,0.6,0.3,0.0,5.3,0.4
2018-10-11,0.014285714285714287,0.0,0.1,0.0,0.0,0.0,0.0,0.0
2018-10-12,6.757142857142858,9.0,9.8,9.7,7.7,4.7,3.4,3.0
2018-10-13,9.542857142857143,9.8,11.1,8.7,11.0,7.5,9.9,8.8
2018-10-14,6.142857142857143,6.9,7.4,5.7,7.6,8.0,4.0,3.4
2018-10-15,6.071428571428571,10.0,9.6,9.0,7.4,6.5,0.0,0.0
2018-10-16,2.5571428571428574,4.0,4.4,5.6,2.7,1.1,0.0,0.1
2018-10-17,6.428571428571429,5.7,6.5,6.5,6.5,6.9,6.9,6.0
2018-10-18,8.628571428571428,6.9,8.8,8.6,9.2,6.2,10.3,10.4
2018-10-19,6.485714285714286,2.1,4.3,6.1,5.0,8.6,9.7,9.6
2018-10-20,9.3,8.8,9.3,8.6,10.0,7.6,10.5,10.3
2018-10-21,10.12857142857143,10.2,10.3,9.3,10.7,9.4,10.3,10.7
2018-10-22,6.942857142857142,5.5,6.2,5.9,6.8,7.2,8.7,8.3
2018-10-23,1.7285714285714289,0.5,3.2,0.0,1.1,0.6,2.3,4.4
2018-10-24,9.385714285714286,9.3,8.3,9.2,7.7,10.1,10.4,10.7
2018-10-25,10.085714285714285,10.4,10.5,9.7,10.5,9.5,10.5,9.5
2018-10-26,1.8714285714285717,0.1,0.0,0.9,1.8,2.1,4.7,3.5
2018-10-27,7.428571428571429,6.1,7.6,6.0,4.5,8.8,10.4,8.6
2018-10-28,7.171428571428573,5.4,6.1,7.3,7.9,7.7,10.6,5.2
2018-10-29,9.9,9.8,10.1,9.4,10.0,9.3,10.4,10.3
2018-10-30,7.485714285714287,4.4,9.4,7.3,6.1,6.5,10.2,8.5
2018-10-31,1.8285714285714287,0.2,0.1,0.0,0.0,0.5,6.7,5.3
2018-11-01,6.385714285714286,8.3,5.8,4.2,8.4,8.3,5.6,4.1
2018-11-02,9.157142857142858,9.3,9.3,9.3,9.7,9.0,9.6,7.9
2018-11-03,8.014285714285714,8.2,9.2,7.4,8.4,7.4,7.4,8.1
2018-11-04,9.071428571428571,9.8,10.0,8.7,9.0,8.7,8.3,9.0
2018-11-05,9.128571428571428,9.8,10.3,9.2,10.2,8.1,6.3,10.0
2018-11-06,9.9,9.8,9.9,9.2,10.1,10.1,10.0,10.2
2018-11-07,8.72857142857143,7.7,8.3,7.0,8.8,9.2,10.0,10.1
2018-11-08,2.857142857142857,0.2,0.7,1.6,3.4,1.8,6.8,5.5
2018-11-09,4.485714285714286,2.3,3.8,3.5,1.5,5.6,9.1,5.6
2018-11-10,9.77142857142857,9.6,9.8,9.0,10.0,9.7,10.1,10.2
2018-11-11,9.200000000000001,8.3,9.0,8.3,9.9,9.6,10.1,9.2
2018-11-12,0.2,0.0,0.0,0.0,0.0,0.0,1.1,0.3
2018-11-13,5.942857142857143,7.3,6.9,6.9,6.6,4.5,4.0,5.4
2018-11-14,8.557142857142857,6.7,8.7,8.3,8.3,7.8,10.0,10.1
2018-11-15,9.571428571428571,9.6,10.0,9.0,10.0,8.6,10.2,9.6
2018-11-16,0.7714285714285715,0.1,0.2,0.0,0.5,1.7,1.7,1.2
2018-11-17,8.285714285714286,7.5,8.1,8.6,8.6,9.1,7.8,8.3
2018-11-18,3.6,2.5,2.7,1.2,3.6,4.2,5.3,5.7
2018-11-19,2.142857142857143,0.9,2.1,4.5,3.2,0.9,0.0,3.4
2018-11-20,7.671428571428571,4.0,5.2,8.7,8.7,7.8,9.7,9.6
2018-11-21,0.9857142857142857,1.7,1.1,0.1,1.1,2.3,0.3,0.3
2018-11-22,4.142857142857143,0.3,4.5,4.6,7.5,2.2,3.8,6.1
2018-11-23,7.914285714285713,5.1,7.1,7.4,8.0,8.7,9.9,9.2
2018-11-24,8.100000000000001,8.1,9.6,8.9,9.8,9.7,5.5,5.1
2018-11-25,6.0,6.4,6.1,5.4,5.8,6.4,7.1,4.8
2018-11-26,0.6428571428571429,1.6,1.8,1.0,0.1,0.0,0.0,0.0
2018-11-27,1.0142857142857145,3.9,0.8,1.1,0.0,0.0,0.2,1.1
2018-11-28,0.0,0.0,0.0,0.0,0.0,0.0,0.0,0.0
2018-11-29,9.057142857142859,8.6,9.3,8.6,9.4,9.0,9.3,9.2
2018-11-30,8.628571428571428,8.1,8.4,8.0,8.8,8.9,9.1,9.1
2018-12-01,5.485714285714286,6.3,6.2,4.3,6.4,6.0,7.3,1.9
2018-12-02,1.457142857142857,4.8,3.4,0.3,0.7,1.0,0.0,0.0
2018-12-03,0.05714285714285715,0.0,0.0,0.1,0.0,0.0,0.0,0.3
2018-12-04,1.4000000000000001,3.0,1.0,0.1,1.6,3.3,0.8,0.0
2018-12-05,5.542857142857143,5.2,5.0,5.9,5.1,5.3,6.5,5.8
2018-12-06,0.9428571428571428,0.0,0.0,0.0,0.0,0.0,2.9,3.7
2018-12-07,0.27142857142857146,0.0,0.0,0.0,0.0,0.1,1.8,0.0
2018-12-08,2.757142857142857,3.7,2.5,0.2,3.9,7.0,1.3,0.7
2018-12-09,1.0571428571428572,0.3,1.5,2.9,1.2,1.1,0.4,0.0
2018-12-10,1.4285714285714284,3.6,3.1,2.0,1.1,0.2,0.0,0.0
2018-12-11,0.0,0.0,0.0,0.0,0.0,0.0,0.0,0.0
2018-12-12,4.1,1.5,2.9,5.5,5.2,0.9,8.2,4.5
2018-12-13,2.342857142857143,0.7,0.5,0.0,3.7,6.9,3.8,0.8
2018-12-14,4.685714285714285,4.3,5.6,2.5,6.4,5.8,7.8,0.4
2018-12-15,9.071428571428571,8.8,8.7,8.5,9.6,9.0,9.7,9.2
2018-12-16,0.0,0.0,0.0,0.0,0.0,0.0,0.0,0.0
2018-12-17,4.257142857142857,2.4,5.2,1.6,2.5,4.4,7.9,5.8
2018-12-18,5.285714285714286,1.3,4.2,2.3,6.1,7.5,9.2,6.4
2018-12-19,5.757142857142857,4.9,7.0,3.8,5.7,6.3,6.2,6.4
2018-12-20,0.014285714285714287,0.0,0.0,0.0,0.0,0.0,0.0,0.1
2018-12-21,0.22857142857142856,0.1,0.3,1.0,0.2,0.0,0.0,0.0
2018-12-22,4.928571428571429,3.0,5.1,5.0,4.7,3.5,4.0,9.2
2018-12-23,1.3857142857142857,0.0,0.0,0.0,0.7,1.7,4.3,3.0
2018-12-24,7.728571428571429,6.8,9.2,7.8,9.2,9.0,6.5,5.6
2018-12-25,7.928571428571429,7.7,9.0,8.3,9.5,9.4,5.4,6.2
2018-12-26,0.05714285714285715,0.0,0.0,0.1,0.0,0.3,0.0,0.0
2018-12-27,8.828571428571427,8.0,9.3,8.3,9.4,8.1,9.5,9.2
2018-12-28,3.371428571428571,2.6,2.3,0.6,1.7,4.3,9.7,2.4
2018-12-29,7.2,4.0,7.6,5.6,8.2,6.9,9.6,8.5
2018-12-30,5.228571428571428,0.5,2.2,5.1,4.3,5.3,9.7,9.5
2018-12-31,5.1000000000000005,7.6,7.0,6.5,6.3,4.2,0.0,4.1
2019-01-01,2.1571428571428575,1.3,1.4,0.6,0.2,3.1,8.5,0.0
2019-01-02,4.0,6.0,4.9,2.1,3.7,6.1,4.6,0.6
2019-01-03,9.214285714285712,8.5,9.2,8.5,9.6,9.4,9.7,9.6
2019-01-04,5.514285714285714,3.7,4.4,4.7,6.4,5.4,7.8,6.2
2019-01-05,0.6428571428571429,1.5,1.5,0.6,0.1,0.8,0.0,0.0
2019-01-06,6.285714285714286,5.5,6.3,4.4,7.3,3.4,7.8,9.3
2019-01-07,9.185714285714285,9.0,9.3,8.6,9.2,9.1,9.6,9.5
2019-01-08,1.5142857142857142,1.7,2.9,1.8,0.3,2.4,1.4,0.1
2019-01-09,2.685714285714286,0.7,2.0,2.5,4.2,2.3,3.4,3.7
2019-01-10,1.0857142857142856,0.0,0.0,0.0,0.9,0.6,3.7,2.4
2019-01-11,1.0142857142857145,1.7,2.2,0.8,0.7,1.5,0.0,0.2
2019-01-12,2.4714285714285715,4.5,3.3,3.5,2.1,0.0,0.6,3.3
2019-01-13,2.3714285714285714,1.2,0.5,2.0,0.3,2.3,7.5,2.8
2019-01-14,8.114285714285714,6.7,6.0,6.6,9.4,8.9,9.7,9.5
2019-01-15,0.7999999999999999,0.2,0.6,0.1,0.1,1.8,2.0,0.8
2019-01-16,4.771428571428572,3.5,5.9,3.8,6.9,4.3,8.0,1.0
2019-01-17,3.8142857142857145,3.9,5.9,0.3,3.1,7.5,4.4,1.6
2019-01-18,9.4,8.9,8.9,8.8,9.7,9.6,10.0,9.9
2019-01-19,5.314285714285714,5.3,4.9,1.2,5.2,8.0,8.3,4.3
2019-01-20,4.414285714285714,5.2,4.3,4.9,2.8,3.7,7.6,2.4
2019-01-21,8.842857142857143,8.6,9.3,6.5,9.6,8.6,9.8,9.5
2019-01-22,7.6,8.2,7.5,4.3,5.2,9.3,9.8,8.9
2019-01-23,8.257142857142856,9.1,8.0,4.3,8.7,9.6,9.9,8.2
2019-01-24,8.642857142857142,7.5,9.4,8.9,9.0,6.6,9.7,9.4
2019-01-25,7.871428571428572,6.9,7.5,7.5,7.8,7.0,10.0,8.4
2019-01-26,5.685714285714285,1.4,4.6,6.9,5.8,3.1,9.8,8.2
2019-01-27,9.2,9.3,9.7,9.0,9.9,6.4,10.0,10.1
2019-01-28,3.3714285714285714,1.1,1.3,1.2,0.9,6.7,8.6,3.8
2019-01-29,8.842857142857143,7.2,9.7,8.9,9.8,7.0,9.7,9.6
2019-01-30,2.0714285714285716,1.7,1.8,1.1,0.4,4.5,2.7,2.3
2019-01-31,0.014285714285714287,0.0,0.0,0.0,0.0,0.0,0.0,0.1
2019-02-01,4.814285714285715,4.8,4.5,2.0,2.4,7.3,10.2,2.5
2019-02-02,7.171428571428571,3.5,5.3,4.0,8.1,10.0,10.2,9.1
2019-02-03,0.31428571428571433,0.0,0.0,0.1,0.0,1.1,0.8,0.2
2019-02-04,9.328571428571427,8.9,9.6,8.9,9.2,9.2,10.1,9.4
2019-02-05,2.6142857142857143,7.4,4.8,0.5,0.6,2.7,0.6,1.7
2019-02-06,3.6714285714285713,2.2,2.3,7.1,3.3,0.0,5.5,5.3
2019-02-07,1.6142857142857143,0.4,0.1,0.6,0.8,2.0,4.4,3.0
2019-02-08,1.8714285714285712,1.0,3.5,3.0,2.2,2.2,0.0,1.2
2019-02-09,0.8142857142857143,0.6,0.1,0.4,0.5,1.1,2.0,1.0
2019-02-10,4.357142857142858,7.2,7.3,4.1,5.1,3.0,1.5,2.3
2019-02-11,1.5285714285714287,2.8,0.5,0.8,0.4,0.1,5.7,0.4
2019-02-12,9.428571428571429,9.1,10.0,9.0,10.2,10.1,9.5,8.1
2019-02-13,7.7714285714285705,8.4,8.6,9.4,9.5,8.7,4.0,5.8
2019-02-14,1.6142857142857143,2.2,0.8,2.9,1.4,0.3,0.3,3.4
2019-02-15,0.05714285714285715,0.0,0.1,0.0,0.0,0.0,0.0,0.3
2019-02-16,2.8999999999999995,1.6,1.9,0.1,4.1,3.4,6.8,2.4
2019-02-17,8.842857142857142,9.1,9.8,7.0,7.9,9.6,9.2,9.3
2019-02-18,4.314285714285714,5.4,3.8,2.3,3.9,5.9,1.9,7.0
2019-02-19,1.2285714285714284,2.5,0.9,1.2,0.8,2.5,0.7,0.0
2019-02-20,5.585714285714287,2.9,5.3,1.0,5.1,9.3,10.3,5.2
2019-02-21,7.328571428571428,8.2,7.5,7.4,7.7,8.0,6.7,5.8
2019-02-22,0.1285714285714286,0.5,0.3,0.0,0.0,0.1,0.0,0.0
2019-02-23,6.414285714285713,4.0,5.4,3.9,7.0,8.6,7.8,8.2
2019-02-24,5.271428571428571,9.5,8.0,7.8,4.2,7.4,0.0,0.0
2019-02-25,6.114285714285714,8.8,8.5,9.6,6.6,9.3,0.0,0.0
2019-02-26,10.057142857142859,9.9,9.8,9.5,10.3,10.2,10.2,10.5
2019-02-27,0.028571428571428574,0.1,0.0,0.0,0.0,0.0,0.0,0.1
2019-02-28,2.314285714285714,3.6,2.5,3.1,1.9,0.8,0.9,3.4
2019-03-01,7.342857142857143,5.2,2.9,7.6,8.3,8.7,9.2,9.5
2019-03-02,0.2857142857142857,0.0,0.9,0.1,0.7,0.3,0.0,0.0
2019-03-03,0.05714285714285715,0.0,0.0,0.0,0.0,0.0,0.0,0.4
2019-03-04,2.785714285714286,1.3,1.3,2.3,4.2,1.6,6.2,2.6
2019-03-05,7.757142857142857,8.0,7.9,6.5,8.1,8.9,8.1,6.8
2019-03-06,0.04285714285714286,0.0,0.0,0.3,0.0,0.0,0.0,0.0
2019-03-07,4.385714285714285,2.3,2.0,6.1,3.6,2.4,8.6,5.7
2019-03-08,10.671428571428573,10.6,10.8,9.9,11.0,11.1,11.0,10.3
2019-03-09,7.614285714285715,9.8,9.8,5.3,8.0,9.3,5.6,5.5
2019-03-10,0.0,0.0,0.0,0.0,0.0,0.0,0.0,0.0
2019-03-11,9.342857142857142,9.7,8.5,9.8,9.0,6.4,11.2,10.8
2019-03-12,8.714285714285714,7.8,8.2,8.4,8.0,8.3,10.8,9.5
2019-03-13,9.228571428571428,8.9,8.6,7.9,8.5,8.8,11.4,10.5
2019-03-14,5.085714285714286,3.5,4.2,3.8,5.7,7.6,7.1,3.7
2019-03-15,8.242857142857144,7.0,8.7,8.1,10.7,9.5,6.7,7.0
2019-03-16,9.328571428571427,8.3,9.1,8.7,8.5,8.6,11.3,10.8
2019-03-17,8.985714285714286,8.5,9.5,9.2,7.7,7.9,10.5,9.6
2019-03-18,5.6,6.5,6.3,4.6,5.4,6.6,5.3,4.5
2019-03-19,5.728571428571428,6.3,6.5,8.7,3.9,2.2,4.0,8.5
2019-03-20,8.428571428571429,7.3,7.6,6.6,8.7,8.4,10.1,10.3
2019-03-21,3.4142857142857146,7.0,6.0,0.8,1.1,5.1,3.3,0.6
2019-03-22,3.471428571428571,4.1,3.9,5.6,4.6,4.3,0.4,1.4
2019-03-23,5.214285714285715,6.1,7.6,5.3,5.1,4.5,4.2,3.7
2019-03-24,11.157142857142858,9.8,11.5,10.9,11.5,11.6,11.5,11.3
2019-03-25,0.5,0.1,0.0,0.0,0.7,2.2,0.5,0.0
2019-03-26,10.414285714285715,10.6,10.8,9.5,9.3,10.7,11.0,11.0
2019-03-27,10.171428571428569,10.7,9.2,8.4,10.0,11.0,11.4,10.5
2019-03-28,4.671428571428572,6.5,5.7,4.4,3.9,5.1,2.9,4.2
2019-03-29,5.685714285714285,9.0,8.7,6.5,6.6,6.6,1.6,0.8
2019-03-30,6.971428571428572,6.9,7.8,7.3,6.3,6.8,7.6,6.1
2019-03-31,8.057142857142855,4.8,8.6,7.4,6.3,7.6,11.7,10.0
2019-04-01,9.642857142857142,7.8,10.2,9.6,10.8,7.7,11.9,9.5
2019-04-02,9.928571428571429,11.1,10.9,10.5,8.7,8.1,11.6,8.6
2019-04-03,9.5,9.4,9.5,10.9,9.6,7.1,8.4,11.6
2019-04-04,10.885714285714284,10.8,10.7,9.5,11.1,11.5,11.5,11.1
2019-04-05,3.814285714285714,8.1,5.2,5.1,5.1,2.5,0.3,0.4
2019-04-06,10.842857142857143,11.4,9.8,10.5,11.0,11.1,11.2,10.9
2019-04-07,9.585714285714285,8.4,9.2,9.1,9.8,10.8,11.0,8.8
2019-04-08,11.142857142857142,10.7,11.2,10.6,11.2,11.5,11.6,11.2
2019-04-09,7.614285714285714,7.6,7.4,6.8,6.6,9.4,7.4,8.1
2019-04-10,2.2285714285714286,0.0,1.9,4.4,1.1,1.4,5.1,1.7
2019-04-11,2.0,0.7,0.4,0.9,2.0,7.1,1.5,1.4
2019-04-12,9.014285714285714,9.2,9.7,8.8,9.3,7.5,8.6,10.0
2019-04-13,7.814285714285716,6.2,6.8,6.8,9.4,9.1,8.3,8.1
2019-04-14,0.1142857142857143,0.6,0.2,0.0,0.0,0.0,0.0,0.0
2019-04-15,10.87142857142857,9.9,10.0,11.1,9.4,11.8,11.8,12.1
2019-04-16,8.857142857142858,9.8,8.2,8.7,9.8,11.2,8.1,6.2
2019-04-17,3.6714285714285713,6.2,4.6,5.2,4.1,2.7,0.4,2.5
2019-04-18,11.714285714285714,10.8,11.8,11.3,11.9,12.1,12.1,12.0
2019-04-19,10.900000000000002,7.5,10.1,10.8,12.0,11.6,12.3,12.0
2019-04-20,11.0,11.7,11.8,11.5,11.7,7.8,10.9,11.6
2019-04-21,10.900000000000002,10.8,10.4,10.2,11.4,11.4,10.7,11.4
2019-04-22,6.457142857142857,9.7,6.1,7.1,6.0,7.6,2.0,6.7
2019-04-23,0.07142857142857142,0.0,0.0,0.0,0.0,0.0,0.5,0.0
2019-04-24,0.7285714285714285,1.3,0.8,0.4,0.3,0.0,1.9,0.4
2019-04-25,2.4,0.0,0.9,5.6,3.5,0.2,0.4,6.2
2019-04-26,4.114285714285715,0.0,2.1,1.3,5.2,5.9,12.1,2.2
2019-04-27,10.542857142857143,10.4,7.9,10.7,10.1,11.4,11.0,12.3
2019-04-28,3.057142857142857,1.7,2.5,3.2,4.6,4.4,4.1,0.9
2019-04-29,0.014285714285714287,0.0,0.0,0.0,0.0,0.0,0.0,0.1
2019-04-30,0.0,0.0,0.0,0.0,0.0,0.0,0.0,0.0
2019-05-01,0.7999999999999999,1.8,1.6,1.1,0.5,0.1,0.1,0.4
2019-05-02,10.385714285714284,11.8,8.5,11.2,8.9,11.9,10.8,9.6
2019-05-03,10.557142857142859,12.3,12.0,11.7,11.0,10.7,7.5,8.7
2019-05-04,10.742857142857144,12.4,11.9,8.6,10.1,12.0,10.7,9.5
2019-05-05,11.414285714285715,11.6,12.0,11.5,10.6,10.7,11.6,11.9
2019-05-06,4.371428571428572,5.6,4.2,3.8,3.0,3.8,7.5,2.7
2019-05-07,12.185714285714287,13.1,13.1,12.0,12.6,12.6,10.0,11.9
2019-05-08,9.642857142857142,10.8,11.4,8.4,10.5,9.9,9.1,7.4
2019-05-09,3.042857142857143,6.1,3.9,6.0,3.0,2.3,0.0,0.0
2019-05-10,9.442857142857145,12.5,11.8,10.9,10.8,10.6,6.2,3.3
2019-05-11,9.971428571428572,11.7,10.5,12.1,12.0,12.1,6.2,5.2
2019-05-12,9.814285714285713,7.0,10.0,11.3,8.6,8.2,11.6,12.0
2019-05-13,6.214285714285714,5.5,3.3,5.2,6.6,8.2,8.2,6.5
2019-05-14,1.842857142857143,6.0,3.4,0.1,1.2,1.9,0.0,0.3
2019-05-15,10.5,11.7,10.8,11.3,8.7,12.5,9.2,9.3
2019-05-16,8.814285714285713,11.1,9.4,10.9,10.1,10.3,7.3,2.6
2019-05-17,8.314285714285715,10.0,8.1,8.5,8.3,9.7,3.9,9.7
2019-05-18,0.09999999999999999,0.4,0.1,0.2,0.0,0.0,0.0,0.0
2019-05-19,0.18571428571428572,0.6,0.0,0.5,0.2,0.0,0.0,0.0
2019-05-20,1.5428571428571427,3.4,1.2,1.0,4.0,0.3,0.2,0.7
2019-05-21,11.814285714285715,12.7,12.4,11.5,10.6,11.3,11.2,13.0
2019-05-22,12.5,12.9,12.9,11.9,11.9,12.2,13.3,12.4
2019-05-23,12.799999999999999,12.9,12.9,12.3,12.9,13.0,12.8,12.8
2019-05-24,12.342857142857143,12.7,10.3,11.9,12.7,12.9,13.0,12.9
2019-05-25,11.228571428571428,12.5,10.7,10.3,10.5,11.7,12.3,10.6
2019-05-26,8.157142857142857,9.2,8.9,8.5,8.9,9.2,7.6,4.8
2019-05-27,0.2714285714285714,0.0,0.0,0.0,0.3,0.4,1.2,0.0
2019-05-28,3.742857142857143,4.2,5.9,7.2,1.9,0.9,2.6,3.5
2019-05-29,6.871428571428572,9.7,10.1,8.0,7.7,8.9,1.7,2.0
2019-05-30,10.700000000000001,10.1,8.4,10.8,10.8,10.4,12.4,12.0
2019-05-31,0.17142857142857143,0.0,0.0,0.0,0.4,0.4,0.2,0.2
2019-06-01,6.242857142857143,10.2,8.4,6.8,5.8,8.1,2.8,1.6
2019-06-02,0.2571428571428572,1.5,0.3,0.0,0.0,0.0,0.0,0.0
2019-06-03,3.242857142857143,10.1,6.1,0.7,0.5,5.2,0.0,0.1
2019-06-04,1.0285714285714287,3.9,1.6,1.5,0.2,0.0,0.0,0.0
2019-06-05,9.185714285714285,10.7,7.9,9.0,9.2,10.3,11.4,5.8
2019-06-06,10.128571428571428,10.9,7.5,8.8,10.7,10.4,12.5,10.1
2019-06-07,1.2142857142857142,2.6,1.7,0.0,2.5,0.4,0.6,0.7
2019-06-08,4.171428571428571,4.3,2.8,0.6,1.7,7.4,9.2,3.2
2019-06-09,4.514285714285714,4.7,3.7,5.5,5.3,5.5,2.7,4.2
2019-06-10,10.942857142857141,10.5,11.9,12.0,12.2,12.3,7.7,10.0
2019-06-11,9.614285714285714,12.7,13.2,11.5,10.2,10.3,3.6,5.8
2019-06-12,9.157142857142857,7.0,6.9,8.8,11.5,11.3,8.6,10.0
2019-06-13,10.614285714285714,12.3,11.6,9.7,10.2,12.7,9.3,8.5
2019-06-14,0.09999999999999999,0.0,0.0,0.0,0.0,0.7,0.0,0.0
2019-06-15,3.2857142857142856,1.5,3.5,2.3,3.0,0.9,5.4,6.4
2019-06-16,7.857142857142857,6.6,8.7,6.5,4.0,7.0,11.0,11.2
2019-06-17,11.371428571428572,11.7,11.7,11.5,12.8,10.8,10.7,10.4
2019-06-18,0.18571428571428572,0.5,0.3,0.0,0.1,0.4,0.0,0.0
2019-06-19,6.314285714285712,11.2,8.1,6.8,6.6,11.2,0.3,0.0
2019-06-20,10.257142857142856,10.0,10.9,9.6,10.9,11.4,10.0,9.0
2019-06-21,4.8428571428571425,8.2,6.5,7.9,4.4,4.1,1.5,1.3
2019-06-22,6.857142857142857,4.1,6.3,8.5,7.6,5.5,8.6,7.4
2019-06-23,8.428571428571429,11.6,13.2,12.7,11.5,8.4,0.4,1.2
2019-06-24,11.485714285714284,11.5,12.2,12.6,13.2,9.8,10.5,10.6
2019-06-25,10.885714285714286,13.1,13.2,11.2,11.6,13.3,8.0,5.8
2019-06-26,0.028571428571428574,0.0,0.0,0.0,0.2,0.0,0.0,0.0
2019-06-27,2.457142857142857,4.4,3.0,1.7,2.8,1.3,2.5,1.5
2019-06-28,2.3285714285714283,1.3,1.6,3.5,4.5,1.7,3.3,0.4
2019-06-29,0.9571428571428571,2.4,0.8,0.1,0.6,1.6,1.1,0.1
2019-06-30,0.05714285714285715,0.4,0.0,0.0,0.0,0.0,0.0,0.0
2019-07-01,0.07142857142857142,0.5,0.0,0.0,0.0,0.0,0.0,0.0
2019-07-02,0.1,0.1,0.0,0.1,0.4,0.0,0.0,0.1
2019-07-03,0.0,0.0,0.0,0.0,0.0,0.0,0.0,0.0
2019-07-04,5.257142857142858,8.8,6.1,4.9,4.8,6.0,4.0,2.2
2019-07-05,1.7857142857142854,1.5,0.4,0.1,1.7,2.4,4.8,1.6
2019-07-06,9.485714285714286,9.2,12.9,10.9,10.8,7.7,4.0,10.9
2019-07-07,8.157142857142857,5.2,6.3,7.3,8.9,7.5,11.3,10.6
2019-07-08,4.028571428571429,5.7,4.8,5.3,5.8,2.5,0.8,3.3
2019-07-09,2.3714285714285714,1.3,1.6,2.9,2.5,0.0,1.3,7.0
2019-07-10,0.1142857142857143,0.8,0.0,0.0,0.0,0.0,0.0,0.0
2019-07-11,2.7142857142857144,2.9,0.4,2.3,3.6,5.8,3.1,0.9
2019-07-12,8.542857142857143,7.5,5.5,7.7,8.5,7.9,12.4,10.3
2019-07-13,0.05714285714285715,0.0,0.0,0.0,0.0,0.0,0.0,0.4
2019-07-14,0.6428571428571429,0.5,1.4,1.2,0.0,0.0,1.4,0.0
2019-07-15,7.714285714285715,9.2,10.8,11.7,7.0,9.2,2.2,3.9
2019-07-16,7.942857142857142,12.1,11.2,11.5,7.9,7.0,3.5,2.4
2019-07-17,2.5714285714285716,3.2,1.4,1.1,0.9,2.0,3.1,6.3
2019-07-18,0.9285714285714286,0.0,0.0,1.0,1.6,0.3,1.1,2.5
2019-07-19,0.0,0.0,0.0,0.0,0.0,0.0,0.0,0.0
2019-07-20,0.04285714285714286,0.0,0.0,0.0,0.0,0.0,0.0,0.3
2019-07-21,0.21428571428571427,0.5,0.0,0.0,0.3,0.7,0.0,0.0
2019-07-22,2.757142857142857,3.0,0.9,2.6,3.3,1.7,2.5,5.3
2019-07-23,3.6142857142857148,4.7,2.9,4.0,2.9,2.3,4.9,3.6
2019-07-24,5.042857142857143,3.8,6.4,3.4,5.8,2.9,7.6,5.4
2019-07-25,7.928571428571429,5.3,6.8,7.6,8.8,6.7,10.0,10.3
2019-07-26,9.271428571428572,9.4,9.0,10.9,12.5,5.9,8.8,8.4
2019-07-27,7.385714285714286,5.7,3.6,8.4,10.6,8.9,9.7,4.8
2019-07-28,11.085714285714287,9.4,10.3,11.6,12.1,11.4,10.9,11.9
2019-07-29,5.357142857142857,3.1,2.4,2.5,7.0,5.7,8.7,8.1
2019-07-30,9.285714285714286,8.6,8.3,9.1,11.9,9.6,9.8,7.7
2019-07-31,10.585714285714285,11.4,9.0,11.5,9.1,10.0,12.6,10.5
2019-08-01,10.714285714285714,10.1,8.9,10.6,10.2,10.4,13.0,11.8
2019-08-02,10.27142857142857,11.2,8.3,10.8,8.1,12.7,11.7,9.1
2019-08-03,11.257142857142856,8.6,10.1,11.9,12.6,11.8,12.0,11.8
2019-08-04,11.257142857142858,12.4,12.8,11.7,12.6,11.2,11.2,6.9
2019-08-05,9.271428571428572,6.3,10.0,10.2,10.6,9.6,9.2,9.0
2019-08-06,1.4,0.5,0.0,0.3,0.5,0.5,5.1,2.9
2019-08-07,7.242857142857142,6.6,7.9,9.4,7.0,6.7,5.3,7.8
2019-08-08,8.799999999999999,9.5,9.2,10.7,9.7,8.3,4.9,9.3
2019-08-09,4.557142857142857,5.1,1.9,2.5,5.2,6.0,3.0,8.2
2019-08-10,8.428571428571429,9.7,7.9,9.6,9.1,7.3,3.9,11.5
2019-08-11,8.642857142857142,9.4,9.5,10.3,7.6,6.9,6.6,10.2
2019-08-12,8.042857142857143,10.8,7.7,11.1,11.4,5.1,3.4,6.8
2019-08-13,5.685714285714286,8.8,10.8,8.5,7.1,2.9,0.1,1.6
2019-08-14,2.0571428571428574,4.9,5.2,3.0,1.0,0.2,0.1,0.0
2019-08-15,0.05714285714285715,0.0,0.0,0.0,0.0,0.0,0.0,0.4
2019-08-16,7.114285714285715,4.7,5.9,4.6,9.0,7.5,9.0,9.1
2019-08-17,9.942857142857141,8.9,8.4,9.4,9.4,12.2,12.0,9.3
2019-08-18,0.6714285714285715,0.4,0.4,1.1,0.0,0.0,2.8,0.0
2019-08-19,0.07142857142857142,0.1,0.0,0.0,0.0,0.1,0.0,0.3
2019-08-20,0.7000000000000001,0.1,0.5,0.3,0.0,1.8,1.6,0.6
2019-08-21,8.928571428571429,6.0,8.7,10.0,9.4,7.6,11.2,9.6
2019-08-22,5.985714285714287,3.8,5.7,5.0,4.5,7.6,8.3,7.0
2019-08-23,1.785714285714286,5.3,2.1,1.3,0.2,0.9,0.8,1.9
2019-08-24,0.5142857142857143,0.0,0.0,0.1,0.0,0.0,1.0,2.5
2019-08-25,0.07142857142857142,0.0,0.1,0.1,0.0,0.1,0.0,0.2
2019-08-26,0.1142857142857143,0.0,0.0,0.6,0.0,0.2,0.0,0.0
2019-08-27,0.0,0.0,0.0,0.0,0.0,0.0,0.0,0.0
2019-08-28,0.7857142857142857,0.0,0.1,1.0,0.0,0.0,2.1,2.3
2019-08-29,3.4285714285714284,1.6,0.6,0.8,0.7,3.9,8.6,7.8
2019-08-30,2.0857142857142854,1.7,0.8,1.5,2.2,3.4,2.3,2.7
2019-08-31,1.2857142857142858,5.7,1.8,0.1,0.2,0.1,0.3,0.8
2019-09-01,0.7571428571428571,0.0,0.0,0.3,1.4,0.7,0.0,2.9
2019-09-02,2.914285714285714,0.8,0.9,2.5,2.6,2.4,3.1,8.1
2019-09-03,8.5,8.2,9.9,6.9,9.7,6.9,6.9,11.0
2019-09-04,5.814285714285714,4.4,4.8,5.5,4.6,7.3,5.1,9.0
2019-09-05,7.828571428571428,8.4,9.6,9.6,8.7,5.8,2.2,10.5
2019-09-06,4.571428571428571,4.3,3.6,5.7,4.9,7.6,3.7,2.2
2019-09-07,3.042857142857143,0.3,0.4,0.5,3.8,5.3,6.8,4.2
2019-09-08,8.62857142857143,8.5,9.7,8.9,9.8,6.7,7.2,9.6
2019-09-09,8.914285714285715,10.0,10.7,7.8,10.9,8.1,5.8,9.1
2019-09-10,9.214285714285712,7.5,8.4,9.1,11.4,7.3,10.2,10.6
2019-09-11,8.0,7.9,7.9,10.3,6.5,5.3,10.4,7.7
2019-09-12,6.342857142857142,3.8,8.6,7.9,9.6,0.4,5.8,8.3
2019-09-13,5.614285714285714,7.0,9.9,6.0,8.3,3.1,0.0,5.0
2019-09-14,6.885714285714285,10.4,8.6,10.7,9.2,3.9,0.3,5.1
2019-09-15,10.014285714285716,9.4,11.3,9.2,9.0,11.5,10.2,9.5
2019-09-16,9.857142857142858,9.6,10.4,9.2,10.9,9.4,9.6,9.9
2019-09-17,9.257142857142856,8.1,9.5,10.4,9.8,7.5,10.5,9.0
2019-09-18,9.657142857142858,9.8,11.3,10.7,10.6,9.3,8.6,7.3
2019-09-19,9.942857142857141,10.5,11.2,10.8,11.4,7.9,9.8,8.0
2019-09-20,0.5857142857142857,2.6,0.8,0.0,0.0,0.0,0.0,0.7
2019-09-21,1.6285714285714286,1.0,1.8,0.8,3.9,0.0,1.5,2.4
2019-09-22,0.028571428571428574,0.0,0.0,0.0,0.0,0.2,0.0,0.0
2019-09-23,3.242857142857143,0.0,1.1,1.9,4.9,2.5,6.0,6.3
2019-09-24,8.5,9.2,10.1,9.7,9.4,6.4,4.5,10.2
2019-09-25,8.628571428571428,10.1,10.5,6.7,10.6,10.1,4.4,8.0
2019-09-26,1.342857142857143,0.1,0.1,1.5,2.7,0.2,0.0,4.8
2019-09-27,4.414285714285714,4.5,3.8,4.6,6.0,2.9,2.3,6.8
2019-09-28,4.942857142857142,4.2,8.8,7.7,8.6,0.9,0.2,4.2
2019-09-29,3.1,1.7,1.8,0.0,0.6,2.2,8.1,7.3
2019-09-30,4.314285714285714,3.0,2.4,2.9,4.6,4.0,7.8,5.5
2019-10-01,0.1857142857142857,0.0,0.0,0.0,0.0,0.0,0.6,0.7
2019-10-02,1.3571428571428572,0.7,1.1,2.5,2.4,1.0,1.0,0.8
2019-10-03,4.228571428571429,1.5,3.1,0.7,1.0,9.6,8.2,5.5
2019-10-04,8.985714285714286,9.0,8.2,7.4,8.0,9.2,10.6,10.5
2019-10-05,10.185714285714285,10.3,10.2,9.9,11.0,10.8,8.4,10.7
2019-10-06,7.514285714285715,2.2,8.0,8.8,9.7,7.0,8.6,8.3
2019-10-07,2.4285714285714284,3.5,3.7,1.8,3.5,2.9,0.0,1.6
2019-10-08,5.628571428571428,2.7,4.3,7.8,6.0,2.0,9.7,6.9
2019-10-09,10.2,9.7,10.6,8.7,10.7,10.5,10.9,10.3
2019-10-10,10.22857142857143,10.6,11.0,9.9,11.0,10.7,8.1,10.3
2019-10-11,7.799999999999999,7.8,9.6,9.8,7.6,5.3,5.6,8.9
2019-10-12,4.328571428571428,0.4,3.8,5.0,0.5,1.4,10.5,8.7
2019-10-13,9.514285714285714,6.3,10.5,9.7,10.4,10.4,9.7,9.6
2019-10-14,9.528571428571428,9.8,10.8,9.8,10.5,9.8,8.7,7.3
2019-10-15,8.014285714285714,5.4,9.3,9.6,10.4,6.3,7.0,8.1
2019-10-16,9.742857142857144,10.5,10.8,9.8,10.6,10.4,7.8,8.3
2019-10-17,0.5285714285714286,0.5,0.0,0.0,0.2,0.5,1.0,1.5
2019-10-18,0.49999999999999994,0.0,0.6,0.3,0.2,0.0,1.0,1.4
2019-10-19,4.314285714285715,3.2,4.9,4.5,2.0,1.7,6.9,7.0
2019-10-20,3.9285714285714284,3.9,4.5,4.5,3.4,2.2,4.8,4.2
2019-10-21,4.385714285714285,6.6,6.4,7.3,5.6,3.7,0.5,0.6
2019-10-22,9.214285714285712,8.2,9.6,9.3,9.6,10.0,8.7,9.1
2019-10-23,0.2285714285714286,0.4,0.2,0.0,0.2,0.4,0.4,0.0
2019-10-24,0.38571428571428573,0.0,0.0,0.2,0.4,0.0,0.3,1.8
2019-10-25,4.6571428571428575,0.9,4.4,4.5,3.7,2.3,9.4,7.4
2019-10-26,5.542857142857144,6.8,7.8,6.3,4.5,5.6,5.1,2.7
2019-10-27,5.242857142857142,7.7,7.3,6.9,6.0,4.9,2.4,1.5
2019-10-28,6.728571428571429,10.2,9.4,8.6,8.5,9.3,0.6,0.5
2019-10-29,6.414285714285714,8.7,7.6,6.0,7.1,4.9,4.7,5.9
2019-10-30,8.3,8.4,7.0,6.6,9.1,8.5,10.0,8.5
2019-10-31,9.27142857142857,9.9,10.0,9.5,9.5,9.5,7.8,8.7
2019-11-01,9.585714285714285,9.7,10.0,9.1,10.2,9.8,8.9,9.4
2019-11-02,8.385714285714286,8.3,9.0,8.7,7.9,7.0,9.3,8.5
2019-11-03,1.8571428571428572,0.0,0.1,0.5,0.9,2.1,5.3,4.1
2019-11-04,8.242857142857144,2.6,9.2,8.6,9.4,9.1,9.3,9.5
2019-11-05,9.485714285714286,9.8,10.5,9.3,10.2,9.2,10.0,7.4
2019-11-06,9.92857142857143,9.8,10.4,9.3,10.2,10.1,10.3,9.4
2019-11-07,4.257142857142857,4.9,4.9,3.3,4.1,4.8,4.1,3.7
2019-11-08,8.47142857142857,8.9,7.5,9.2,9.5,4.8,9.9,9.5
2019-11-09,9.142857142857142,9.0,8.7,9.1,9.6,8.1,9.9,9.6
2019-11-10,7.671428571428572,6.1,7.4,7.6,8.7,4.7,9.2,10.0
2019-11-11,6.042857142857144,4.4,5.7,4.1,4.3,7.4,9.8,6.6
2019-11-12,8.428571428571429,7.3,7.7,7.9,9.7,7.5,9.6,9.3
2019-11-13,2.6714285714285713,4.5,3.5,0.1,2.8,5.2,1.5,1.1
2019-11-14,7.242857142857142,6.1,8.3,4.9,8.2,6.4,7.9,8.9
2019-11-15,9.685714285714285,9.5,10.1,9.0,10.0,9.9,9.8,9.5
2019-11-16,9.571428571428571,9.4,9.8,9.0,9.8,9.7,9.8,9.5
2019-11-17,7.171428571428571,5.3,4.3,6.8,7.3,8.0,9.6,8.9
2019-11-18,0.4714285714285715,0.0,0.1,0.4,0.6,1.9,0.2,0.1
2019-11-19,3.8857142857142857,0.6,2.2,1.3,1.3,3.9,9.1,8.8
2019-11-20,8.77142857142857,6.3,8.6,9.0,9.8,8.0,9.8,9.9
2019-11-21,7.742857142857143,9.2,9.9,8.9,9.4,4.5,4.1,8.2
2019-11-22,0.0,0.0,0.0,0.0,0.0,0.0,0.0,0.0
2019-11-23,5.171428571428572,9.2,7.8,2.2,9.7,4.2,1.1,2.0
2019-11-24,2.5285714285714285,3.5,3.4,4.1,2.2,2.2,0.0,2.3
2019-11-25,2.7571428571428567,0.8,3.4,3.4,4.3,1.0,2.1,4.3
2019-11-26,4.5,7.1,8.3,3.6,6.1,0.0,2.9,3.5
2019-11-27,0.32857142857142857,0.0,0.3,0.0,0.0,0.0,0.0,2.0
2019-11-28,2.057142857142857,1.2,2.8,6.0,1.7,0.0,1.6,1.1
2019-11-29,8.971428571428572,7.9,8.8,8.1,9.5,9.2,9.6,9.7
2019-11-30,8.157142857142857,7.7,9.7,8.8,9.3,4.1,8.7,8.8
2019-12-01,4.371428571428572,0.6,4.3,3.3,5.9,5.6,2.5,8.4
2019-12-02,3.257142857142857,3.1,3.8,1.3,2.2,3.1,8.6,0.7
2019-12-03,4.242857142857143,0.5,2.4,1.2,4.0,2.4,9.8,9.4
2019-12-04,6.814285714285714,6.6,4.0,5.1,7.6,6.2,9.8,8.4
2019-12-05,0.31428571428571433,0.4,0.5,0.4,0.1,0.1,0.3,0.4
2019-12-06,0.3,0.8,0.0,0.2,0.5,0.6,0.0,0.0
2019-12-07,3.214285714285715,4.1,5.7,6.5,3.8,2.3,0.0,0.1
2019-12-08,6.9142857142857155,1.9,3.7,8.2,9.5,5.6,9.8,9.7
2019-12-09,7.3428571428571425,6.0,8.6,7.2,8.2,9.3,4.9,7.2
2019-12-10,6.4,6.4,6.9,6.1,7.2,7.3,5.7,5.2
2019-12-11,1.8000000000000003,3.6,2.7,2.5,1.6,1.0,0.4,0.8
2019-12-12,8.185714285714287,8.3,7.7,6.6,8.3,7.5,9.5,9.4
2019-12-13,8.714285714285714,7.6,8.8,8.1,9.2,8.8,9.4,9.1
2019-12-14,4.428571428571429,1.7,4.1,2.7,5.8,2.5,7.4,6.8
2019-12-15,7.171428571428571,8.8,9.2,8.4,7.8,6.4,4.5,5.1
2019-12-16,2.8,5.1,3.0,1.3,4.0,6.0,0.0,0.2
2019-12-17,0.9571428571428572,0.2,0.5,0.4,0.0,0.6,4.0,1.0
2019-12-18,4.957142857142856,1.8,6.2,3.8,4.8,5.4,8.4,4.3
2019-12-19,1.8571428571428574,2.3,2.2,1.7,0.9,1.5,3.1,1.3
2019-12-20,6.985714285714285,4.1,8.0,7.8,9.0,5.3,8.4,6.3
2019-12-21,0.7428571428571429,1.8,1.0,0.0,0.4,1.1,0.9,0.0
2019-12-22,0.0,0.0,0.0,0.0,0.0,0.0,0.0,0.0
2019-12-23,7.571428571428572,4.0,8.2,6.9,8.4,7.2,9.2,9.1
2019-12-24,2.4285714285714284,2.3,1.7,0.8,2.6,3.7,3.9,2.0
2019-12-25,0.12857142857142856,0.0,0.0,0.0,0.0,0.6,0.3,0.0
2019-12-26,0.18571428571428572,0.2,0.2,0.5,0.0,0.0,0.1,0.3
2019-12-27,6.0857142857142845,3.8,6.1,4.4,4.8,8.0,9.7,5.8
2019-12-28,7.8999999999999995,3.0,7.3,7.2,9.6,9.2,9.6,9.4
2019-12-29,0.14285714285714285,0.0,0.0,0.0,0.0,0.1,0.4,0.5
2019-12-30,0.0,0.0,0.0,0.0,0.0,0.0,0.0,0.0
2019-12-31,5.485714285714286,2.0,1.8,5.6,5.7,6.2,9.1,8.0
2020-01-01,9.257142857142856,8.8,9.6,7.9,9.6,9.4,9.8,9.7
2020-01-02,8.042857142857143,6.9,7.7,5.5,7.6,9.3,9.7,9.6
2020-01-03,5.4142857142857155,6.5,6.8,1.5,2.1,8.9,9.5,2.6
2020-01-04,9.042857142857143,8.4,9.1,8.4,9.1,9.3,9.6,9.4
2020-01-05,8.385714285714286,7.9,8.2,8.0,9.5,5.7,9.7,9.7
2020-01-06,1.1285714285714286,0.0,0.0,0.0,0.2,0.6,3.5,3.6
2020-01-07,0.5,0.7,0.0,0.3,0.0,0.7,1.1,0.7
2020-01-08,4.385714285714285,1.9,2.2,2.2,2.5,8.8,9.4,3.7
2020-01-09,5.799999999999999,5.1,5.9,2.0,3.3,7.1,9.0,8.2
2020-01-10,8.72857142857143,7.5,9.1,8.3,9.3,8.4,9.0,9.5
2020-01-11,4.3428571428571425,7.1,4.8,3.6,3.0,5.0,3.2,3.7
2020-01-12,1.1999999999999997,3.2,1.5,0.3,0.3,0.6,2.4,0.1
2020-01-13,5.685714285714285,2.0,6.1,1.3,3.0,9.4,9.7,8.3
2020-01-14,0.04285714285714286,0.0,0.0,0.0,0.3,0.0,0.0,0.0
2020-01-15,3.7428571428571433,1.9,3.4,2.6,1.8,4.0,8.0,4.5
2020-01-16,0.2571428571428572,0.1,0.5,0.0,0.0,0.0,1.0,0.2
2020-01-17,3.0714285714285707,2.9,3.2,3.9,4.7,4.5,0.9,1.4
2020-01-18,4.271428571428571,1.2,4.4,4.9,4.9,1.2,9.9,3.4
2020-01-19,2.2,0.5,1.5,0.5,1.3,3.5,7.0,1.1
2020-01-20,2.814285714285714,0.6,3.4,0.9,0.9,5.6,7.8,0.5
2020-01-21,8.914285714285715,7.6,9.6,8.8,9.5,7.5,9.7,9.7
2020-01-22,0.07142857142857142,0.0,0.0,0.0,0.0,0.0,0.0,0.5
2020-01-23,2.9,2.2,1.2,6.4,6.6,0.5,3.1,0.3
2020-01-24,0.5571428571428572,0.6,0.9,1.2,0.9,0.0,0.1,0.2
2020-01-25,0.07142857142857142,0.4,0.1,0.0,0.0,0.0,0.0,0.0
2020-01-26,0.38571428571428573,2.5,0.2,0.0,0.0,0.0,0.0,0.0
2020-01-27,0.5571428571428572,0.0,0.4,0.5,1.2,0.0,0.0,1.8
2020-01-28,4.371428571428571,1.7,3.4,6.3,2.4,7.1,6.5,3.2
2020-01-29,4.2,2.7,1.8,1.4,5.5,5.9,5.3,6.8
2020-01-30,3.7428571428571433,0.9,4.0,3.5,2.6,5.6,4.0,5.6
2020-01-31,4.557142857142857,1.4,2.0,1.5,6.0,3.8,9.8,7.4
2020-02-01,7.457142857142856,5.5,7.7,5.7,6.8,6.7,10.2,9.6
2020-02-02,7.0,3.0,6.4,5.7,7.5,8.6,8.6,9.2
2020-02-03,3.414285714285714,6.5,4.7,3.0,3.0,3.5,1.0,2.2
2020-02-04,8.6,9.6,9.3,8.4,9.7,9.8,7.8,5.6
2020-02-05,7.371428571428572,4.6,7.7,6.3,8.2,6.6,10.1,8.1
2020-02-06,8.585714285714285,7.0,9.1,8.7,9.7,7.7,9.4,8.5
2020-02-07,0.18571428571428572,1.1,0.2,0.0,0.0,0.0,0.0,0.0
2020-02-08,7.1,5.8,7.0,4.3,6.1,7.4,10.2,8.9
2020-02-09,2.9857142857142853,0.9,0.9,3.8,1.6,0.3,8.4,5.0
2020-02-10,6.071428571428571,4.2,3.6,7.9,3.8,3.0,10.4,9.6
2020-02-11,6.771428571428571,6.6,7.1,4.8,6.9,8.4,8.5,5.1
2020-02-12,0.014285714285714287,0.0,0.0,0.0,0.0,0.1,0.0,0.0
2020-02-13,7.8,8.0,8.5,7.4,8.6,8.7,9.8,3.6
2020-02-14,5.814285714285715,7.5,7.1,7.5,6.3,4.8,1.1,6.4
2020-02-15,0.5285714285714287,1.3,1.1,0.6,0.5,0.2,0.0,0.0
2020-02-16,0.18571428571428572,0.0,0.0,0.0,0.0,0.1,1.2,0.0
2020-02-17,2.3714285714285714,0.1,2.5,0.5,1.0,2.9,7.8,1.8
2020-02-18,4.514285714285713,3.0,4.1,2.3,2.0,8.2,10.6,1.4
2020-02-19,10.114285714285714,10.1,9.9,8.9,10.4,10.5,10.7,10.3
2020-02-20,8.671428571428573,9.1,9.5,9.5,8.9,8.5,7.0,8.2
2020-02-21,9.757142857142856,10.0,10.2,9.3,10.6,9.9,8.6,9.7
2020-02-22,5.128571428571428,6.1,6.7,6.3,4.9,4.2,4.7,3.0
2020-02-23,10.457142857142856,10.4,10.6,9.8,10.6,10.5,10.7,10.6
2020-02-24,9.985714285714286,9.1,9.9,9.4,10.3,10.2,10.6,10.4
2020-02-25,3.6285714285714286,0.9,3.6,2.5,5.4,5.0,5.4,2.6
2020-02-26,3.7285714285714286,2.9,1.9,5.8,4.5,1.2,4.8,5.0
2020-02-27,4.871428571428572,1.8,1.7,7.1,7.0,3.0,4.1,9.4
2020-02-28,1.7285714285714289,0.7,0.6,0.6,2.2,2.4,0.2,5.4
2020-02-29,0.0,0.0,0.0,0.0,0.0,0.0,0.0,0.0
2020-03-01,0.0,0.0,0.0,0.0,0.0,0.0,0.0,0.0
2020-03-02,7.7,8.3,7.7,8.7,4.7,7.1,8.0,9.4
2020-03-03,3.385714285714286,4.1,4.2,2.1,1.8,3.7,4.5,3.3
2020-03-04,0.9285714285714285,1.9,1.7,1.7,0.3,0.0,0.1,0.8
2020-03-05,8.957142857142857,8.1,8.3,9.6,9.0,10.1,8.7,8.9
2020-03-06,10.257142857142858,10.7,10.7,9.3,10.4,10.8,10.6,9.3
2020-03-07,0.3,0.0,0.0,0.0,0.2,1.7,0.0,0.2
2020-03-08,8.657142857142857,7.3,6.0,9.2,9.5,9.8,7.9,10.9
2020-03-09,2.7142857142857144,2.8,1.5,0.9,2.5,3.7,3.4,4.2
2020-03-10,1.4142857142857141,0.0,0.1,0.5,0.0,2.1,7.0,0.2
2020-03-11,10.085714285714287,9.3,10.5,9.1,9.6,10.4,11.3,10.4
2020-03-12,9.942857142857145,10.8,10.7,9.3,10.3,10.8,10.0,7.7
2020-03-13,0.5285714285714285,0.6,0.3,0.4,0.6,0.7,0.8,0.3
2020-03-14,7.2285714285714295,5.9,8.6,8.5,6.6,3.6,9.1,8.3
2020-03-15,6.557142857142857,6.3,6.8,6.5,5.4,6.8,8.3,5.8
2020-03-16,8.12857142857143,6.3,6.2,6.3,7.9,8.4,11.3,10.5
2020-03-17,8.499999999999998,9.6,8.5,6.7,8.2,9.9,8.7,7.9
2020-03-18,8.514285714285714,8.6,8.3,8.2,10.4,10.6,9.5,4.0
2020-03-19,4.271428571428571,8.3,4.6,2.7,3.9,7.5,2.3,0.6
2020-03-20,11.414285714285715,11.2,11.6,10.9,11.5,11.6,11.7,11.4
2020-03-21,10.885714285714286,10.8,10.4,10.3,11.2,11.0,11.2,11.3
2020-03-22,1.0285714285714287,0.7,0.7,1.1,2.5,1.7,0.3,0.2
2020-03-23,10.214285714285714,11.0,10.7,10.3,9.9,10.9,8.2,10.5
2020-03-24,10.885714285714286,11.5,10.5,9.9,11.3,10.1,11.3,11.6
2020-03-25,11.342857142857142,11.7,11.8,10.9,11.5,11.6,11.3,10.6
2020-03-26,0.0,0.0,0.0,0.0,0.0,0.0,0.0,0.0
2020-03-27,0.042857142857142864,0.0,0.0,0.0,0.0,0.2,0.0,0.1
2020-03-28,0.05714285714285715,0.0,0.0,0.0,0.0,0.0,0.4,0.0
2020-03-29,7.542857142857143,9.7,9.9,8.0,9.7,6.1,4.3,5.1
2020-03-30,0.0,0.0,0.0,0.0,0.0,0.0,0.0,0.0
2020-03-31,0.8571428571428571,2.7,2.0,0.0,1.2,0.0,0.0,0.1
2020-04-01,1.7,1.5,1.4,1.8,1.3,0.0,4.9,1.0
2020-04-02,10.285714285714286,10.7,9.5,10.5,10.7,10.0,10.2,10.4
2020-04-03,3.3142857142857145,7.6,4.2,2.5,2.5,2.6,2.2,1.6
2020-04-04,10.742857142857142,11.7,11.2,10.6,10.9,11.7,9.5,9.6
2020-04-05,10.214285714285714,10.4,10.2,10.6,9.8,9.2,10.0,11.3
2020-04-06,11.114285714285712,11.8,11.8,10.9,11.3,11.8,10.1,10.1
2020-04-07,10.285714285714286,10.0,10.4,10.4,10.9,10.0,9.6,10.7
2020-04-08,10.87142857142857,10.6,11.3,10.7,11.2,9.8,11.3,11.2
2020-04-09,9.37142857142857,10.9,11.1,10.5,10.9,10.9,6.1,5.2
2020-04-10,7.757142857142857,3.5,3.9,8.4,8.5,8.0,11.3,10.7
2020-04-11,6.242857142857143,2.9,3.5,8.5,6.2,9.1,5.0,8.5
2020-04-12,0.35714285714285715,0.0,0.0,0.4,0.0,0.0,0.5,1.6
2020-04-13,3.5714285714285716,0.2,2.1,2.2,3.3,4.0,7.2,6.0
2020-04-14,11.928571428571427,12.2,12.1,11.1,12.0,12.2,12.1,11.8
2020-04-15,4.614285714285714,4.0,3.6,5.2,4.4,6.7,3.9,4.5
2020-04-16,11.042857142857143,10.3,11.6,11.3,11.8,12.0,11.1,9.2
2020-04-17,0.7571428571428572,0.2,1.1,1.2,0.5,0.6,0.6,1.1
2020-04-18,11.042857142857143,9.9,11.5,10.7,10.9,11.7,11.7,10.9
2020-04-19,1.8428571428571427,1.4,1.3,0.0,2.1,1.6,3.3,3.2
2020-04-20,7.2,7.4,6.3,6.4,6.8,6.3,11.3,5.9
2020-04-21,3.3714285714285723,5.1,5.2,4.0,1.8,2.3,2.1,3.1
2020-04-22,10.742857142857144,9.6,11.7,9.6,12.0,11.8,10.1,10.4
2020-04-23,4.328571428571428,5.2,5.0,3.2,2.0,4.7,7.5,2.7
2020-04-24,11.585714285714285,11.8,12.6,10.7,11.1,12.0,11.0,11.9
2020-04-25,11.342857142857143,12.3,11.0,10.9,9.4,12.6,12.3,10.9
2020-04-26,2.1142857142857143,2.4,2.7,1.0,2.0,0.9,1.8,4.0
2020-04-27,10.27142857142857,10.6,10.2,11.1,9.4,10.5,10.4,9.7
2020-04-28,11.428571428571429,12.1,9.8,10.0,12.1,12.4,12.5,11.1
2020-04-29,12.428571428571429,12.6,12.7,11.7,12.4,12.7,12.5,12.4
2020-04-30,12.528571428571428,12.8,12.8,11.6,12.5,12.7,12.7,12.6
2020-05-01,11.542857142857143,10.9,10.7,10.8,12.4,12.4,12.5,11.1
2020-05-02,9.214285714285714,8.2,6.9,7.2,10.2,10.2,11.3,10.5
2020-05-03,0.24285714285714285,1.2,0.1,0.0,0.2,0.0,0.0,0.2
2020-05-04,6.1428571428571415,4.4,6.2,4.7,8.5,6.1,5.8,7.3
2020-05-05,6.714285714285714,6.3,8.6,6.1,8.2,8.7,4.6,4.5
2020-05-06,7.557142857142858,7.8,11.1,10.7,8.7,9.7,1.7,3.2
2020-05-07,12.571428571428573,12.9,12.7,11.9,12.6,12.8,12.9,12.2
2020-05-08,10.214285714285714,12.4,12.4,10.7,11.0,6.8,7.8,10.4
2020-05-09,1.0142857142857142,0.2,0.0,0.3,0.9,1.5,1.6,2.6
2020-05-10,1.1285714285714286,0.6,2.7,0.6,0.0,0.8,3.2,0.0
2020-05-11,11.799999999999999,13.0,12.1,11.2,11.0,12.2,12.0,11.1
2020-05-12,6.6,7.7,8.1,5.5,8.5,7.3,4.3,4.8
2020-05-13,12.671428571428573,12.9,13.3,12.4,12.8,13.2,12.0,12.1
2020-05-14,12.385714285714286,12.2,12.5,11.6,12.4,12.8,13.2,12.0
2020-05-15,0.39999999999999997,0.0,0.0,0.0,0.2,0.3,1.6,0.7
2020-05-16,0.4142857142857143,1.7,0.1,0.9,0.0,0.0,0.0,0.2
2020-05-17,4.000000000000001,4.3,6.3,5.7,5.4,4.8,0.8,0.7
2020-05-18,0.014285714285714287,0.0,0.0,0.0,0.0,0.0,0.0,0.1
2020-05-19,8.614285714285714,8.6,7.5,8.5,7.9,6.9,10.9,10.0
2020-05-20,9.557142857142859,10.9,9.3,8.1,6.9,9.6,11.9,10.2
2020-05-21,7.014285714285714,7.9,11.9,7.7,6.9,6.6,3.2,4.9
2020-05-22,8.057142857142857,12.8,11.8,9.9,8.9,9.6,1.5,1.9
2020-05-23,7.628571428571429,10.5,9.8,8.8,8.5,9.8,1.4,4.6
2020-05-24,9.4,11.7,12.4,12.4,10.8,4.7,5.1,8.7
2020-05-25,4.028571428571429,2.1,3.2,2.8,3.8,4.3,3.7,8.3
2020-05-26,0.2285714285714286,0.1,0.0,0.0,0.0,0.0,1.3,0.2
2020-05-27,6.885714285714285,7.8,6.2,8.1,7.8,7.7,4.8,5.8
2020-05-28,10.928571428571429,11.2,12.5,9.8,10.2,12.0,11.1,9.7
2020-05-29,11.028571428571428,12.6,10.7,9.1,11.3,13.3,10.8,9.4
2020-05-30,0.48571428571428577,0.5,0.1,0.0,0.0,2.7,0.0,0.1
2020-05-31,2.1857142857142855,4.1,2.8,5.8,2.6,0.0,0.0,0.0
2020-06-01,1.2857142857142858,2.6,1.4,1.0,1.9,1.6,0.3,0.2
2020-06-02,11.642857142857142,13.3,13.2,10.9,10.2,11.8,11.2,10.9
2020-06-03,0.8285714285714285,0.9,0.1,0.0,0.0,4.8,0.0,0.0
2020-06-04,4.214285714285714,9.3,9.2,2.8,2.9,5.3,0.0,0.0
2020-06-05,7.928571428571428,6.7,5.0,8.7,10.0,9.9,9.3,5.9
2020-06-06,0.014285714285714287,0.0,0.0,0.0,0.1,0.0,0.0,0.0
2020-06-07,10.928571428571429,10.8,10.7,10.0,9.5,12.4,12.1,11.0
2020-06-08,10.271428571428572,13.0,12.6,11.1,10.2,12.1,5.9,7.0
2020-06-09,7.871428571428572,10.1,9.5,10.6,11.0,5.9,1.7,6.3
2020-06-10,9.685714285714287,11.0,11.5,11.2,11.5,4.2,10.5,7.9
2020-06-11,0.0,0.0,0.0,0.0,0.0,0.0,0.0,0.0
2020-06-12,2.0714285714285716,4.0,1.8,0.1,0.2,4.1,4.3,0.0
2020-06-13,1.5571428571428572,0.0,0.0,0.0,0.3,0.0,4.4,6.2
2020-06-14,1.5999999999999999,0.2,0.0,0.1,1.3,0.5,6.3,2.8
2020-06-15,2.042857142857143,7.0,4.9,0.0,0.2,2.2,0.0,0.0
2020-06-16,9.171428571428569,11.3,9.9,9.9,9.7,9.6,8.2,5.6
2020-06-17,2.157142857142857,5.5,2.1,0.2,1.1,6.1,0.1,0.0
2020-06-18,0.0,0.0,0.0,0.0,0.0,0.0,0.0,0.0
2020-06-19,1.8857142857142857,2.3,2.2,2.6,0.8,0.6,3.5,1.2
2020-06-20,5.414285714285714,7.7,7.2,7.0,6.8,7.1,1.9,0.2
2020-06-21,1.5999999999999999,5.1,2.2,0.4,1.4,2.1,0.0,0.0
2020-06-22,13.200000000000001,13.7,13.8,12.8,12.0,13.4,13.7,13.0
2020-06-23,12.642857142857142,13.2,13.0,12.3,12.4,13.0,12.0,12.6
2020-06-24,10.242857142857142,10.0,10.2,10.4,11.2,12.1,5.3,12.5
2020-06-25,1.842857142857143,0.9,0.4,1.2,2.2,0.6,3.7,3.9
2020-06-26,6.328571428571428,8.5,7.4,6.6,5.2,6.4,7.4,2.8
2020-06-27,1.1142857142857143,3.5,1.5,0.0,0.0,1.3,1.2,0.3
2020-06-28,6.7857142857142865,7.4,6.9,5.8,7.6,8.5,6.1,5.2
2020-06-29,2.9857142857142853,4.9,0.6,0.2,3.7,5.8,4.7,1.0
2020-06-30,0.44285714285714295,2.0,0.2,0.1,0.0,0.8,0.0,0.0
2020-07-01,6.6000000000000005,3.4,3.2,7.2,8.3,4.7,10.1,9.3
2020-07-02,9.200000000000001,8.4,9.6,9.2,8.5,9.9,9.1,9.7
2020-07-03,0.0,0.0,0.0,0.0,0.0,0.0,0.0,0.0
2020-07-04,2.7142857142857144,0.5,1.8,5.9,3.3,0.8,3.9,2.8
2020-07-05,0.8714285714285716,1.8,0.6,0.8,0.7,2.2,0.0,0.0
2020-07-06,0.014285714285714287,0.0,0.0,0.0,0.0,0.0,0.0,0.1
2020-07-07,0.08571428571428572,0.0,0.0,0.0,0.0,0.0,0.0,0.6
2020-07-08,4.185714285714285,4.8,7.2,8.8,4.2,3.9,0.4,0.0
2020-07-09,0.4857142857142857,0.8,0.1,0.0,1.1,1.4,0.0,0.0
2020-07-10,0.19999999999999998,0.0,0.0,0.0,0.0,0.0,1.4,0.0
2020-07-11,1.3285714285714287,3.1,2.8,0.0,0.0,0.3,2.6,0.5
2020-07-12,1.0,0.0,0.0,0.0,0.0,0.0,0.5,6.5
2020-07-13,0.19999999999999998,0.0,0.0,0.4,0.2,0.0,0.2,0.6
2020-07-14,0.42857142857142866,0.5,0.5,1.1,0.5,0.0,0.2,0.2
2020-07-15,0.2571428571428572,0.3,0.2,0.6,0.6,0.1,0.0,0.0
2020-07-16,3.471428571428572,6.2,3.6,4.9,4.7,4.9,0.0,0.0
2020-07-17,7.4857142857142875,7.4,8.8,8.6,9.6,9.7,4.1,4.2
2020-07-18,5.128571428571428,2.2,1.4,5.7,6.4,5.6,9.5,5.1
2020-07-19,5.385714285714285,5.8,3.1,4.6,8.4,6.6,6.3,2.9
2020-07-20,6.685714285714285,8.8,4.4,5.0,2.7,10.0,10.1,5.8
2020-07-21,5.871428571428572,1.5,1.8,2.6,4.9,6.9,12.7,10.7
2020-07-22,5.642857142857143,0.3,0.9,6.3,5.1,2.9,11.8,12.2
2020-07-23,2.0285714285714285,0.0,0.0,0.4,0.2,1.4,5.8,6.4
2020-07-24,0.9000000000000001,3.8,0.7,1.2,0.2,0.4,0.0,0.0
2020-07-25,2.871428571428571,0.8,3.1,1.9,1.0,3.7,6.2,3.4
2020-07-26,1.3285714285714287,0.9,0.0,0.0,1.1,2.9,3.2,1.2
2020-07-27,0.11428571428571428,0.0,0.0,0.0,0.0,0.1,0.7,0.0
2020-07-28,3.471428571428571,1.3,1.1,2.2,2.9,3.6,6.1,7.1
2020-07-29,9.214285714285714,4.3,5.3,10.7,11.9,9.3,11.7,11.3
2020-07-30,10.671428571428573,12.3,6.5,11.3,12.0,9.2,11.6,11.8
2020-07-31,9.885714285714286,7.3,8.1,9.5,10.0,11.3,11.6,11.4
2020-08-01,9.1,7.6,8.2,9.5,9.3,8.3,9.7,11.1
2020-08-02,10.685714285714285,8.8,10.5,9.5,10.8,11.9,11.9,11.4
2020-08-03,8.157142857142858,8.7,7.5,10.9,8.9,3.6,10.3,7.2
2020-08-04,10.7,11.6,9.7,11.7,11.9,8.7,10.7,10.6
2020-08-05,10.671428571428573,9.4,9.5,10.7,11.3,10.8,11.2,11.8
2020-08-06,8.485714285714286,9.4,3.4,5.7,9.8,10.1,11.8,9.2
2020-08-07,3.6714285714285713,0.3,1.0,1.9,3.5,3.5,8.8,6.7
2020-08-08,6.285714285714286,5.0,2.5,5.4,5.7,8.5,9.9,7.0
2020-08-09,6.485714285714286,5.1,7.0,6.0,7.4,6.0,7.9,6.0
2020-08-10,2.1142857142857143,3.0,2.7,0.1,2.9,3.7,1.6,0.8
2020-08-11,3.3000000000000003,0.0,0.5,4.0,3.7,2.9,7.0,5.0
2020-08-12,8.671428571428573,7.4,6.4,9.2,8.5,9.0,10.4,9.8
2020-08-13,11.1,9.1,10.7,10.0,11.7,12.1,12.8,11.3
2020-08-14,11.657142857142858,11.8,11.1,10.3,11.6,12.8,13.0,11.0
2020-08-15,12.085714285714285,12.7,10.8,11.3,11.7,12.8,13.0,12.3
2020-08-16,12.2,12.6,11.8,11.4,11.7,12.8,12.6,12.5
2020-08-17,11.714285714285714,10.9,10.9,11.1,11.5,12.5,12.6,12.5
2020-08-18,12.27142857142857,12.1,12.6,11.6,12.3,12.6,12.2,12.5
2020-08-19,11.257142857142854,12.1,11.1,10.8,11.3,12.3,10.1,11.1
2020-08-20,11.042857142857143,11.8,10.4,11.3,11.1,12.1,11.8,8.8
2020-08-21,8.62857142857143,7.7,5.3,10.1,7.6,9.9,10.3,9.5
2020-08-22,6.92857142857143,7.3,7.2,8.3,6.3,4.1,5.7,9.6
2020-08-23,7.242857142857142,5.9,4.5,9.8,8.9,5.8,8.4,7.4
2020-08-24,10.442857142857141,12.0,11.4,11.0,10.0,10.0,8.7,10.0
2020-08-25,7.428571428571429,9.0,8.1,9.0,7.4,7.4,7.0,4.1
2020-08-26,2.642857142857143,3.9,4.0,1.1,3.2,2.8,2.7,0.8
2020-08-27,2.2714285714285714,1.3,0.9,0.2,1.3,6.6,4.5,1.1
2020-08-28,4.8999999999999995,5.0,5.1,4.5,4.7,4.5,3.9,6.6
2020-08-29,11.414285714285715,11.7,12.0,11.3,11.5,12.0,11.4,10.0
2020-08-30,10.014285714285716,11.8,10.8,9.2,8.9,10.2,9.1,10.1
2020-08-31,8.457142857142857,7.2,8.8,10.0,6.8,10.0,8.8,7.6
2020-09-01,4.171428571428572,7.1,6.5,1.8,5.9,5.2,2.1,0.6
2020-09-02,2.242857142857143,3.7,4.2,0.2,3.5,1.6,2.5,0.0
2020-09-03,6.785714285714286,7.7,6.4,4.3,3.8,9.3,9.5,6.5
2020-09-04,4.614285714285715,6.4,5.2,4.7,1.6,2.6,5.8,6.0
2020-09-05,3.528571428571429,0.3,2.1,3.3,5.4,3.9,5.1,4.6
2020-09-06,0.17142857142857146,0.1,0.1,0.1,0.0,0.9,0.0,0.0
2020-09-07,3.5428571428571423,5.1,2.2,0.9,1.1,4.5,8.0,3.0
2020-09-08,8.571428571428571,10.8,8.3,6.9,8.7,10.7,8.3,6.3
2020-09-09,5.057142857142857,3.8,6.7,7.5,4.9,4.3,3.0,5.2
2020-09-10,7.585714285714286,9.5,8.3,7.5,10.4,8.2,4.9,4.3
2020-09-11,2.3428571428571425,1.7,1.9,0.3,1.6,2.7,2.9,5.3
2020-09-12,1.757142857142857,0.0,0.3,2.6,3.7,2.8,1.6,1.3
2020-09-13,5.942857142857142,7.2,7.1,3.9,8.7,7.8,2.4,4.5
2020-09-14,7.8428571428571425,10.0,8.5,7.9,8.7,9.1,5.1,5.6
2020-09-15,6.185714285714286,8.3,9.9,8.0,8.7,7.8,0.2,0.4
2020-09-16,0.042857142857142864,0.0,0.0,0.0,0.0,0.1,0.0,0.2
2020-09-17,0.32857142857142857,0.1,0.0,0.0,0.0,0.3,1.4,0.5
2020-09-18,1.4857142857142858,0.0,0.0,2.0,0.0,0.5,4.5,3.4
2020-09-19,3.457142857142857,6.2,4.8,2.1,2.9,5.6,1.7,0.9
2020-09-20,5.242857142857142,9.7,9.3,5.9,5.0,4.4,1.1,1.3
2020-09-21,10.071428571428571,10.6,10.9,9.5,10.2,10.2,9.6,9.5
2020-09-22,3.585714285714286,5.5,5.9,5.1,4.0,0.9,0.6,3.1
2020-09-23,2.585714285714286,6.0,5.7,1.9,2.4,0.3,0.1,1.7
2020-09-24,0.0,0.0,0.0,0.0,0.0,0.0,0.0,0.0
2020-09-25,7.742857142857143,6.3,8.9,7.9,8.9,6.3,6.2,9.7
2020-09-26,3.971428571428571,6.0,5.9,4.4,3.7,4.0,1.4,2.4
2020-09-27,8.685714285714287,8.9,8.3,6.8,11.3,5.1,10.6,9.8
2020-09-28,9.285714285714286,9.4,10.9,8.2,9.3,9.8,8.9,8.5
2020-09-29,10.12857142857143,10.6,10.5,9.8,10.7,8.1,10.6,10.6
2020-09-30,3.3,7.2,6.2,4.2,3.7,1.4,0.0,0.4
2020-10-01,9.87142857142857,8.5,10.0,7.0,11.1,10.5,10.9,11.1
2020-10-02,10.5,10.6,10.8,8.6,11.0,11.0,10.3,11.2
2020-10-03,7.814285714285715,3.5,6.3,7.5,9.2,6.7,10.4,11.1
2020-10-04,3.8714285714285714,0.3,1.4,2.5,2.8,3.5,8.3,8.3
2020-10-05,7.442857142857143,7.3,9.5,9.7,8.2,7.9,3.3,6.2
2020-10-06,10.485714285714284,10.6,10.8,9.7,10.5,10.2,11.0,10.6
2020-10-07,9.228571428571428,9.9,10.6,10.0,11.0,8.9,4.6,9.6
2020-10-08,2.0714285714285716,2.7,4.9,6.3,0.6,0.0,0.0,0.0
2020-10-09,3.4285714285714293,4.8,6.8,3.7,6.4,0.0,0.6,1.7
2020-10-10,4.914285714285714,0.0,1.2,3.6,4.3,6.8,9.5,9.0
2020-10-11,3.7285714285714278,0.8,4.2,4.6,4.8,4.4,3.2,4.1
2020-10-12,6.514285714285713,6.1,7.3,6.7,8.0,4.3,4.8,8.4
2020-10-13,10.214285714285714,9.6,10.2,9.6,10.7,10.3,10.2,10.9
2020-10-14,9.528571428571428,10.0,10.0,9.7,10.7,6.8,10.3,9.2
2020-10-15,9.942857142857141,9.8,9.8,9.6,10.8,10.6,9.0,10.0
2020-10-16,1.6857142857142857,2.5,0.9,1.5,1.4,1.5,3.4,0.6
2020-10-17,3.1714285714285713,6.5,4.6,4.9,3.8,2.4,0.0,0.0
2020-10-18,6.914285714285714,9.9,9.1,7.9,7.6,6.3,3.1,4.5
2020-10-19,3.085714285714286,6.5,4.7,5.1,2.6,0.6,0.5,1.6
2020-10-20,10.22857142857143,10.3,10.8,9.8,10.7,9.5,10.1,10.4
2020-10-21,6.742857142857143,6.7,6.9,7.8,7.4,5.1,4.0,9.3
2020-10-22,0.014285714285714287,0.0,0.0,0.0,0.0,0.0,0.0,0.1
2020-10-23,8.0,7.3,9.5,8.9,7.0,7.0,8.0,8.3
2020-10-24,8.542857142857143,7.8,8.1,7.3,9.5,9.2,10.8,7.1
2020-10-25,10.271428571428572,10.2,10.4,9.4,10.5,10.4,10.5,10.5
2020-10-26,9.87142857142857,10.0,10.2,9.1,9.9,10.1,9.9,9.9
2020-10-27,9.671428571428573,10.1,10.0,9.2,10.4,8.8,9.9,9.3
2020-10-28,3.7142857142857144,1.8,1.6,4.3,4.3,2.9,4.4,6.7
2020-10-29,6.957142857142857,9.2,7.8,8.6,9.1,8.4,3.0,2.6
2020-10-30,7.5,7.8,8.8,8.3,8.7,5.6,6.5,6.8
2020-10-31,9.571428571428571,9.9,10.3,9.4,10.3,7.9,8.9,10.3
2020-11-01,4.5,7.9,8.0,4.7,5.0,4.9,0.7,0.3
2020-11-02,0.0,0.0,0.0,0.0,0.0,0.0,0.0,0.0
2020-11-03,8.4,8.0,8.4,7.4,9.2,6.7,9.5,9.6
2020-11-04,10.028571428571428,9.8,10.3,9.2,10.2,9.9,10.4,10.4
2020-11-05,8.542857142857143,7.9,8.4,7.7,8.5,9.2,8.6,9.5
2020-11-06,2.3857142857142857,3.9,3.5,0.8,3.3,3.1,1.6,0.5
2020-11-07,0.4571428571428572,0.0,0.0,0.0,0.0,0.0,1.7,1.5
2020-11-08,5.6428571428571415,9.6,8.6,7.0,6.2,5.9,0.9,1.3
2020-11-09,9.62857142857143,7.8,10.2,9.1,10.1,9.9,10.1,10.2
2020-11-10,7.514285714285714,3.8,4.9,7.8,8.7,8.5,8.8,10.1
2020-11-11,8.028571428571428,9.1,10.2,9.1,10.2,5.2,8.4,4.0
2020-11-12,9.614285714285714,9.6,10.1,9.0,10.1,8.8,9.6,10.1
2020-11-13,9.77142857142857,9.6,10.1,9.1,10.1,9.6,9.8,10.1
2020-11-14,9.142857142857142,9.6,10.1,9.0,10.0,8.1,9.6,7.6
2020-11-15,7.657142857142857,7.8,7.4,4.7,7.8,8.8,8.8,8.3
2020-11-16,1.7,1.3,1.1,0.6,1.0,0.8,3.1,4.0
2020-11-17,5.442857142857142,4.5,6.9,7.0,6.6,7.0,1.3,4.8
2020-11-18,7.271428571428572,7.7,9.4,7.9,8.7,3.4,6.1,7.7
2020-11-19,3.242857142857143,1.0,2.2,2.1,3.8,6.9,3.0,3.7
2020-11-20,1.5714285714285714,0.6,0.7,0.1,0.3,2.1,5.0,2.2
2020-11-21,9.071428571428571,9.2,9.4,8.9,9.9,6.5,10.0,9.6
2020-11-22,1.6857142857142857,0.2,0.4,0.2,0.6,2.9,3.7,3.8
2020-11-23,5.485714285714286,3.0,5.4,7.1,1.3,5.1,9.8,6.7
2020-11-24,5.699999999999998,5.8,5.9,5.6,3.4,5.4,8.8,5.0
2020-11-25,4.085714285714286,2.3,5.2,4.1,5.9,5.1,2.3,3.7
2020-11-26,3.8000000000000003,2.7,3.1,2.8,3.4,4.6,5.1,4.9
2020-11-27,4.014285714285714,0.6,1.0,0.7,4.3,5.7,8.4,7.4
2020-11-28,6.6571428571428575,2.7,6.6,3.9,6.6,8.2,9.7,8.9
2020-11-29,5.214285714285714,1.2,7.3,1.4,4.9,7.0,9.8,4.9
2020-11-30,1.0428571428571427,2.9,4.2,0.0,0.0,0.0,0.1,0.1
2020-12-01,9.014285714285714,8.5,9.7,8.8,9.8,8.1,9.7,8.5
2020-12-02,5.342857142857143,7.6,8.5,8.6,3.6,2.1,3.1,3.9
2020-12-03,6.071428571428572,3.2,7.5,7.7,8.6,6.6,4.2,4.7
2020-12-04,6.5857142857142845,0.8,5.6,5.8,9.6,7.9,8.7,7.7
2020-12-05,9.128571428571428,7.9,9.6,8.6,9.4,9.4,9.4,9.6
2020-12-06,6.428571428571428,8.7,9.5,8.6,8.9,8.2,0.7,0.4
2020-12-07,6.585714285714286,4.9,6.8,7.3,7.9,9.3,4.9,5.0
2020-12-08,5.128571428571428,2.9,5.6,6.4,3.4,6.2,6.6,4.8
2020-12-09,4.857142857142857,6.5,5.8,6.2,5.3,5.3,2.1,2.8
2020-12-10,5.214285714285714,2.2,4.3,6.3,7.4,6.9,3.9,5.5
2020-12-11,4.057142857142858,3.8,3.8,2.3,4.3,5.9,4.8,3.5
2020-12-12,5.428571428571428,4.3,4.9,5.6,3.5,4.0,8.4,7.3
2020-12-13,6.385714285714286,1.9,3.3,7.4,8.6,6.9,9.0,7.6
2020-12-14,2.571428571428572,1.8,2.7,0.9,4.7,5.4,1.9,0.6
2020-12-15,5.314285714285714,5.1,2.8,2.0,5.4,5.9,9.1,6.9
2020-12-16,5.142857142857143,4.9,2.6,2.1,5.5,7.2,9.6,4.1
2020-12-17,7.7714285714285705,4.3,8.0,6.2,8.9,7.8,9.7,9.5
2020-12-18,5.8,1.6,7.3,4.5,7.2,8.8,6.8,4.4
2020-12-19,5.742857142857142,5.4,8.2,6.8,7.7,6.3,3.5,2.3
2020-12-20,7.071428571428571,7.2,6.3,3.6,7.1,6.8,9.1,9.4
2020-12-21,6.2,1.9,4.9,2.6,6.3,9.2,9.5,9.0
2020-12-22,5.7,1.1,1.9,4.3,5.4,8.3,9.5,9.4
2020-12-23,6.514285714285714,6.2,5.6,5.8,7.5,7.9,6.7,5.9
2020-12-24,0.2571428571428572,1.0,0.8,0.0,0.0,0.0,0.0,0.0
2020-12-25,5.785714285714286,4.0,4.0,1.8,4.2,8.8,9.6,8.1
2020-12-26,8.257142857142856,7.4,8.4,4.5,9.3,9.4,9.5,9.3
2020-12-27,0.3428571428571429,0.3,0.4,0.1,0.8,0.6,0.2,0.0
2020-12-28,7.728571428571429,7.8,9.1,8.3,8.7,6.5,4.2,9.5
2020-12-29,2.9428571428571426,1.4,2.5,1.5,2.8,5.1,3.9,3.4
2020-12-30,2.842857142857143,3.1,0.8,0.2,1.5,4.7,7.8,1.8
2020-12-31,6.057142857142857,3.5,4.9,4.8,6.0,8.0,9.7,5.5
2021-01-01,3.5,0.1,2.6,1.3,3.8,3.1,9.6,4.0
2021-01-02,1.6428571428571428,0.1,1.1,0.5,0.5,0.2,4.8,4.3
2021-01-03,8.77142857142857,7.2,8.8,8.0,9.3,8.9,9.6,9.6
2021-01-04,7.071428571428571,8.7,8.7,7.3,7.5,6.8,6.9,3.6
2021-01-05,0.6714285714285714,2.9,1.0,0.7,0.0,0.0,0.0,0.1
2021-01-06,2.357142857142857,1.6,1.2,0.4,1.5,5.0,4.7,2.1
2021-01-07,2.3999999999999995,1.2,1.5,0.4,2.3,5.0,6.0,0.4
2021-01-08,3.9,0.8,4.4,1.0,4.4,2.5,9.2,5.0
2021-01-09,4.457142857142857,1.1,2.7,0.4,3.9,4.8,9.8,8.5
2021-01-10,4.785714285714286,1.1,4.8,0.9,5.0,8.6,7.6,5.5
2021-01-11,2.6142857142857143,2.7,1.8,2.1,0.7,4.2,4.0,2.8
2021-01-12,3.1142857142857143,1.4,4.8,2.3,1.9,2.0,4.4,5.0
2021-01-13,3.542857142857143,1.0,3.0,2.7,5.5,3.3,6.8,2.5
2021-01-14,8.214285714285715,5.7,8.5,8.4,8.5,8.5,8.8,9.1
2021-01-15,8.7,8.3,8.6,8.5,8.9,8.9,8.5,9.2
2021-01-16,6.957142857142857,6.4,6.8,6.6,4.7,8.0,9.1,7.1
2021-01-17,6.071428571428572,3.5,7.9,2.8,7.4,7.1,9.1,4.7
2021-01-18,3.942857142857143,1.0,2.2,1.9,3.4,5.4,7.8,5.9
2021-01-19,9.014285714285716,6.9,9.9,8.9,9.7,8.1,9.8,9.8
2021-01-20,8.442857142857145,9.3,9.9,8.8,9.9,6.7,5.6,8.9
2021-01-21,4.371428571428572,4.5,5.7,2.1,6.9,6.3,4.0,1.1
2021-01-22,2.7857142857142856,1.4,0.7,1.7,4.3,1.5,5.6,4.3
2021-01-23,0.0,0.0,0.0,0.0,0.0,0.0,0.0,0.0
2021-01-24,2.0428571428571427,0.0,0.8,2.6,4.8,0.0,0.0,6.1
2021-01-25,8.057142857142857,9.4,9.9,9.0,10.0,5.3,6.6,6.2
2021-01-26,0.1,0.0,0.0,0.0,0.0,0.1,0.2,0.4
2021-01-27,6.3428571428571425,5.1,6.1,8.7,8.3,5.8,4.6,5.8
2021-01-28,5.6,5.7,5.8,4.5,5.3,7.1,7.3,3.5
2021-01-29,4.671428571428572,5.3,3.4,1.3,4.4,6.2,10.2,1.9
2021-01-30,8.757142857142856,6.8,7.1,8.1,9.8,9.5,10.1,9.9
2021-01-31,9.385714285714286,9.3,9.6,8.9,9.8,8.6,9.8,9.7
2021-02-01,1.757142857142857,0.0,0.0,0.3,0.6,2.4,4.9,4.1
2021-02-02,8.814285714285713,9.2,9.6,9.0,9.3,8.7,7.9,8.0
2021-02-03,7.857142857142856,4.9,6.4,6.2,8.6,8.7,10.3,9.9
2021-02-04,6.042857142857144,5.2,6.4,5.8,4.0,7.2,8.8,4.9
2021-02-05,5.128571428571428,4.7,4.8,2.1,4.8,7.3,6.8,5.4
2021-02-06,5.842857142857143,6.9,9.2,5.5,6.6,9.4,2.1,1.2
2021-02-07,8.257142857142856,5.9,6.9,8.3,8.2,8.5,10.3,9.7
2021-02-08,8.87142857142857,8.9,9.7,8.4,8.9,9.9,9.0,7.3
2021-02-09,10.12857142857143,9.5,10.5,9.4,10.4,10.2,10.5,10.4
2021-02-10,9.200000000000001,9.5,9.8,7.8,9.1,9.9,9.8,8.5
2021-02-11,2.157142857142857,4.0,3.0,0.6,2.6,4.4,0.5,0.0
2021-02-12,1.4857142857142858,5.0,1.3,0.1,0.4,3.6,0.0,0.0
2021-02-13,3.8428571428571425,6.3,7.3,7.3,1.5,0.0,0.0,4.5
2021-02-14,1.4571428571428573,3.6,2.2,0.3,2.5,0.2,0.1,1.3
2021-02-15,5.314285714285715,3.9,5.9,1.9,3.4,6.0,9.8,6.3
2021-02-16,8.885714285714286,8.6,8.3,8.0,9.5,9.1,10.4,8.3
2021-02-17,4.714285714285714,2.8,2.5,3.3,4.6,5.3,9.6,4.9
2021-02-18,3.2,0.9,4.3,0.9,3.2,2.2,8.6,2.3
2021-02-19,8.471428571428572,9.0,7.8,6.1,8.1,9.1,10.9,8.3
2021-02-20,9.5,10.1,9.8,7.9,9.3,10.3,9.7,9.4
2021-02-21,9.87142857142857,10.3,10.2,9.8,8.4,10.5,10.3,9.6
2021-02-22,6.8999999999999995,9.3,7.5,5.2,6.2,9.4,6.3,4.4
2021-02-23,9.757142857142856,9.2,10.0,8.8,9.9,9.8,10.4,10.2
2021-02-24,9.842857142857143,9.8,9.8,9.4,10.0,9.5,10.1,10.3
2021-02-25,4.285714285714286,4.9,4.9,6.3,5.3,2.0,0.0,6.6
2021-02-26,0.04285714285714286,0.3,0.0,0.0,0.0,0.0,0.0,0.0
2021-02-27,2.9857142857142853,5.1,4.8,1.3,1.2,4.6,3.7,0.2
2021-02-28,3.7571428571428576,5.9,5.5,4.7,4.5,0.0,0.1,5.6
2021-03-01,4.942857142857143,6.1,5.7,5.0,7.7,0.8,2.9,6.4
2021-03-02,3.6999999999999997,0.3,2.5,6.2,4.8,1.0,7.0,4.1
2021-03-03,10.428571428571429,9.7,10.6,9.7,10.9,10.6,10.8,10.7
2021-03-04,1.3285714285714287,1.9,1.5,1.5,1.6,1.6,0.8,0.4
2021-03-05,3.5857142857142854,2.6,3.2,3.1,3.3,0.0,9.0,3.9
2021-03-06,1.5,3.9,3.4,0.7,1.2,0.8,0.4,0.1
2021-03-07,0.2,1.3,0.0,0.0,0.0,0.1,0.0,0.0
2021-03-08,6.999999999999999,9.2,10.1,7.6,7.3,7.1,3.8,3.9
2021-03-09,2.4,3.9,3.4,1.3,1.0,1.8,0.5,4.9
2021-03-10,10.585714285714285,9.9,11.0,9.9,11.1,10.9,10.4,10.9
2021-03-11,7.6,5.8,8.3,6.9,6.9,7.5,9.7,8.1
2021-03-12,0.09999999999999999,0.1,0.0,0.4,0.0,0.0,0.2,0.0
2021-03-13,6.914285714285714,6.4,2.2,8.6,5.5,5.3,11.0,9.4
2021-03-14,7.728571428571429,6.6,5.8,9.2,5.4,5.2,11.0,10.9
2021-03-15,9.714285714285714,9.1,9.5,9.4,10.4,8.5,10.3,10.8
2021-03-16,1.6857142857142855,1.5,0.4,0.5,0.2,1.1,5.0,3.1
2021-03-17,7.528571428571428,9.0,10.2,8.7,7.9,10.4,2.0,4.5
2021-03-18,8.671428571428573,10.8,10.2,10.3,10.8,9.7,1.2,7.7
2021-03-19,3.071428571428572,8.3,5.4,1.4,0.0,6.1,0.0,0.3
2021-03-20,0.042857142857142864,0.2,0.0,0.0,0.1,0.0,0.0,0.0
2021-03-21,1.1714285714285715,0.2,1.7,1.4,0.6,0.3,2.6,1.4
2021-03-22,7.614285714285715,6.5,7.8,6.6,7.6,7.1,9.3,8.4
2021-03-23,11.157142857142858,10.9,11.1,10.7,11.2,11.4,11.5,11.3
2021-03-24,8.414285714285715,7.5,9.6,6.8,10.3,10.3,6.4,8.0
2021-03-25,8.77142857142857,9.8,10.1,9.6,8.7,7.8,6.9,8.5
2021-03-26,10.742857142857144,11.1,10.6,10.7,10.6,10.9,11.0,10.3
2021-03-27,9.028571428571428,8.9,7.7,8.3,9.4,8.1,10.9,9.9
2021-03-28,1.5000000000000002,3.3,2.1,2.2,1.7,0.5,0.4,0.3
2021-03-29,8.271428571428572,6.6,3.9,7.3,8.9,10.2,10.9,10.1
2021-03-30,4.028571428571428,8.0,6.0,4.4,4.9,2.5,1.0,1.4
2021-03-31,5.585714285714286,7.2,7.0,5.0,7.0,5.8,4.2,2.9
2021-04-01,5.814285714285714,8.1,7.0,8.0,9.7,6.8,1.1,0.0
2021-04-02,1.8428571428571427,4.0,2.3,0.5,4.9,1.2,0.0,0.0
2021-04-03,2.5285714285714285,4.5,5.9,1.2,5.9,0.0,0.0,0.2
2021-04-04,0.7000000000000001,0.0,0.0,0.0,0.0,0.0,3.4,1.5
2021-04-05,7.214285714285714,7.5,7.2,8.3,9.1,5.1,3.0,10.3
2021-04-06,10.085714285714287,11.0,11.6,11.0,10.8,10.6,8.0,7.6
2021-04-07,11.371428571428572,11.9,11.9,10.2,11.7,12.0,11.2,10.7
2021-04-08,5.414285714285714,9.2,6.3,5.0,5.9,8.6,2.1,0.8
2021-04-09,10.028571428571427,11.6,10.9,10.4,10.4,11.4,8.5,7.0
2021-04-10,10.257142857142856,11.4,11.3,10.1,10.7,9.7,8.5,10.1
2021-04-11,10.657142857142858,12.1,11.5,11.0,11.8,12.0,8.5,7.7
2021-04-12,1.0571428571428572,0.4,0.1,0.0,1.7,0.0,2.1,3.1
2021-04-13,3.8142857142857145,4.8,5.4,3.0,3.6,1.8,5.0,3.1
2021-04-14,5.857142857142856,4.1,8.4,7.4,7.2,5.1,4.3,4.5
2021-04-15,10.642857142857142,11.3,10.6,10.7,11.7,11.4,10.6,8.2
2021-04-16,0.17142857142857146,0.9,0.0,0.0,0.0,0.2,0.1,0.0
2021-04-17,4.257142857142857,5.5,4.8,4.9,3.5,3.9,3.2,4.0
2021-04-18,9.799999999999999,9.5,9.4,9.7,7.6,11.8,11.5,9.1
2021-04-19,12.085714285714285,12.3,12.3,11.5,12.0,12.4,12.1,12.0
2021-04-20,12.128571428571428,12.4,12.4,11.1,12.2,12.4,12.1,12.3
2021-04-21,11.142857142857142,9.9,10.1,11.1,11.6,11.0,12.3,12.0
2021-04-22,9.071428571428571,7.4,8.3,6.8,9.0,9.4,11.9,10.7
2021-04-23,3.3285714285714283,1.2,1.3,2.1,3.4,2.4,4.3,8.6
2021-04-24,5.8,5.8,3.6,4.7,8.0,8.9,5.2,4.4
2021-04-25,10.5,8.9,12.4,11.1,11.8,12.4,8.7,8.2
2021-04-26,12.342857142857143,12.5,12.8,11.6,12.4,12.5,12.7,11.9
2021-04-27,3.9142857142857146,2.3,0.8,0.5,3.3,7.4,7.4,5.7
2021-04-28,0.7714285714285714,0.0,0.0,0.0,0.9,2.5,0.3,1.7
2021-04-29,2.4285714285714284,4.7,3.1,2.9,3.1,2.4,0.2,0.6
2021-04-30,10.157142857142857,9.3,10.4,9.1,10.2,11.8,11.7,8.6
2021-05-01,6.871428571428572,7.4,6.7,4.6,3.7,10.7,8.5,6.5
2021-05-02,7.3428571428571425,5.4,7.1,7.6,7.9,6.4,10.6,6.4
2021-05-03,11.928571428571429,12.2,12.2,10.9,11.8,12.6,12.3,11.5
2021-05-04,5.528571428571429,4.8,3.6,3.2,5.1,6.2,8.0,7.8
2021-05-05,4.814285714285715,6.6,7.2,6.9,6.0,4.1,0.6,2.3
2021-05-06,12.028571428571427,12.5,12.6,11.5,12.2,11.4,12.4,11.6
2021-05-07,2.785714285714286,4.8,4.5,3.8,3.1,2.8,0.2,0.3
2021-05-08,0.4571428571428572,0.6,0.0,0.1,0.0,0.0,1.5,1.0
2021-05-09,10.771428571428572,11.5,11.0,9.4,9.9,11.3,11.4,10.9
2021-05-10,11.571428571428573,11.2,11.3,11.7,11.6,11.8,11.5,11.9
2021-05-11,1.8714285714285714,2.1,1.4,0.0,0.1,4.9,3.4,1.2
2021-05-12,0.0,0.0,0.0,0.0,0.0,0.0,0.0,0.0
2021-05-13,1.4142857142857144,1.2,2.9,0.5,3.5,1.4,0.1,0.3
2021-05-14,4.528571428571429,6.8,5.8,4.2,6.4,8.5,0.0,0.0
2021-05-15,0.0,0.0,0.0,0.0,0.0,0.0,0.0,0.0
2021-05-16,2.3142857142857145,2.6,1.1,0.2,0.9,2.4,6.9,2.1
2021-05-17,0.21428571428571427,0.0,0.5,0.0,0.9,0.0,0.1,0.0
2021-05-18,0.3142857142857142,0.0,0.2,0.7,0.4,0.0,0.9,0.0
2021-05-19,4.985714285714286,8.1,7.6,8.0,7.3,3.4,0.0,0.5
2021-05-20,0.028571428571428574,0.0,0.0,0.0,0.0,0.0,0.2,0.0
2021-05-21,0.5142857142857143,2.6,0.9,0.1,0.0,0.0,0.0,0.0
2021-05-22,5.014285714285714,9.7,6.2,6.5,4.8,4.5,1.8,1.6
2021-05-23,12.585714285714285,12.7,12.1,11.9,12.5,13.1,13.2,12.6
2021-05-24,1.2428571428571427,2.0,3.0,2.6,1.1,0.0,0.0,0.0
2021-05-25,4.8999999999999995,5.8,2.3,3.0,4.7,4.3,6.7,7.5
2021-05-26,0.2857142857142857,0.8,0.2,0.1,0.0,0.1,0.7,0.1
2021-05-27,1.7142857142857142,5.2,2.1,1.1,0.3,2.1,1.2,0.0
2021-05-28,2.557142857142858,5.5,1.4,2.2,2.3,2.4,2.5,1.6
2021-05-29,11.171428571428573,12.0,13.2,11.4,12.5,13.3,7.1,8.7
2021-05-30,11.771428571428572,13.1,13.1,12.4,12.9,13.2,9.3,8.4
2021-05-31,12.285714285714286,12.6,12.4,11.4,12.0,12.7,12.7,12.2
2021-06-01,12.042857142857143,12.1,11.2,11.9,11.9,12.3,11.9,13.0
2021-06-02,1.4714285714285713,3.6,2.6,0.5,1.2,2.1,0.1,0.2
2021-06-03,0.0,0.0,0.0,0.0,0.0,0.0,0.0,0.0
2021-06-04,0.1,0.2,0.0,0.0,0.0,0.1,0.4,0.0
2021-06-05,0.2285714285714286,1.0,0.2,0.1,0.0,0.3,0.0,0.0
2021-06-06,3.0,5.7,4.1,4.4,3.1,2.5,0.2,1.0
2021-06-07,9.585714285714285,12.1,10.6,9.2,8.9,10.9,6.4,9.0
2021-06-08,10.799999999999999,12.3,12.3,11.4,11.9,11.9,9.1,6.7
2021-06-09,9.628571428571428,11.4,11.7,11.5,11.2,11.4,3.0,7.2
2021-06-10,8.057142857142859,9.3,7.9,8.1,8.9,8.5,4.0,9.7
2021-06-11,0.2714285714285714,0.0,0.0,0.0,0.1,0.0,1.2,0.6
2021-06-12,0.2,0.6,0.4,0.1,0.0,0.0,0.0,0.3
2021-06-13,1.7714285714285716,1.5,4.9,0.1,4.4,0.1,0.0,1.4
2021-06-14,8.299999999999999,7.4,9.1,10.3,8.8,4.3,8.2,10.0
2021-06-15,0.4428571428571429,0.3,0.1,0.0,0.2,1.1,1.4,0.0
2021-06-16,0.05714285714285715,0.0,0.1,0.0,0.1,0.2,0.0,0.0
2021-06-17,3.6,6.3,6.8,0.4,6.3,3.5,0.2,1.7
2021-06-18,0.3142857142857142,0.0,0.0,0.0,0.0,0.0,0.3,1.9
2021-06-19,5.557142857142857,6.8,5.4,7.5,6.4,7.1,3.9,1.8
2021-06-20,9.5,12.0,11.9,10.8,11.1,8.6,6.1,6.0
2021-06-21,10.557142857142859,11.6,11.7,12.1,11.7,10.2,9.2,7.4
2021-06-22,4.771428571428571,8.9,7.1,5.0,2.5,2.6,3.0,4.3
2021-06-23,11.471428571428572,11.0,12.4,11.8,12.1,9.6,10.8,12.6
2021-06-24,9.671428571428569,11.4,10.1,11.3,9.0,8.9,9.4,7.6
2021-06-25,8.157142857142858,8.9,8.8,10.6,7.0,4.5,7.6,9.7
2021-06-26,2.0571428571428574,3.8,4.8,2.2,2.1,1.5,0.0,0.0
2021-06-27,2.1142857142857143,5.1,5.0,3.0,1.6,0.1,0.0,0.0
2021-06-28,2.0285714285714285,5.5,4.7,2.3,0.5,1.2,0.0,0.0
2021-06-29,9.728571428571428,11.9,9.2,10.6,9.5,9.9,8.2,8.8
2021-06-30,6.371428571428572,6.6,6.8,7.2,6.0,5.4,3.2,9.4
2021-07-01,5.614285714285714,11.0,10.9,10.3,6.3,0.0,0.0,0.8
2021-07-02,2.542857142857143,0.2,2.4,4.5,4.0,2.4,1.5,2.8
2021-07-03,0.028571428571428574,0.0,0.0,0.0,0.0,0.0,0.2,0.0
2021-07-04,4.257142857142857,3.5,3.5,3.1,1.5,2.4,9.6,6.2
2021-07-05,6.757142857142858,3.3,6.0,7.4,6.8,5.1,11.0,7.7
2021-07-06,3.9714285714285715,1.5,1.4,4.9,2.2,3.4,6.9,7.5
2021-07-07,1.2428571428571427,0.5,0.2,0.0,0.7,0.9,1.4,5.0
2021-07-08,1.8285714285714287,0.3,0.1,0.3,0.0,2.6,6.8,2.7
2021-07-09,1.6714285714285715,0.2,0.5,2.2,0.6,0.1,5.7,2.4
2021-07-10,1.1428571428571428,2.8,1.3,0.3,0.3,0.0,2.9,0.4
2021-07-11,5.9,5.6,2.4,1.7,2.5,10.4,11.0,7.7
2021-07-12,4.1000000000000005,3.5,3.6,3.4,4.4,4.7,3.5,5.6
2021-07-13,8.857142857142858,8.9,9.1,10.0,11.0,8.6,9.0,5.4
2021-07-14,10.071428571428571,13.2,8.6,10.5,8.6,10.6,9.4,9.6
2021-07-15,7.714285714285714,8.1,7.7,9.0,6.6,6.4,7.5,8.7
2021-07-16,3.3142857142857145,7.4,8.0,3.6,2.5,0.0,0.1,1.6
2021-07-17,1.657142857142857,2.7,3.5,1.8,2.4,0.5,0.5,0.2
2021-07-18,3.9,6.2,6.5,4.4,6.0,1.6,2.2,0.4
2021-07-19,4.485714285714286,5.5,5.5,2.5,4.3,1.7,5.7,6.2
2021-07-20,10.757142857142856,12.4,12.3,12.0,12.8,13.1,5.9,6.8
2021-07-21,6.671428571428572,8.0,7.3,5.7,7.9,8.8,3.4,5.6
2021-07-22,3.5714285714285716,6.3,3.6,4.3,5.8,2.9,1.1,1.0
2021-07-23,4.1,7.0,5.7,2.4,5.1,6.6,0.6,1.3
2021-07-24,8.357142857142858,12.1,10.1,9.6,10.2,9.8,2.6,4.1
2021-07-25,5.171428571428572,6.9,6.5,5.4,5.3,5.3,6.8,0.0
2021-07-26,9.12857142857143,11.4,9.3,11.1,7.0,8.3,6.7,10.1
2021-07-27,12.242857142857144,13.4,11.3,12.0,11.0,13.2,12.1,12.7
2021-07-28,12.157142857142858,13.1,11.9,11.2,11.5,12.5,12.7,12.2
2021-07-29,12.071428571428571,12.7,11.6,11.6,11.7,12.1,12.4,12.4
2021-07-30,10.857142857142858,10.1,10.4,11.0,10.7,11.7,11.5,10.6
2021-07-31,7.428571428571429,3.0,3.7,4.6,9.6,10.6,11.5,9.0
2021-08-01,3.3000000000000003,5.0,2.4,3.0,3.9,3.0,1.8,4.0
2021-08-02,6.728571428571429,6.8,4.8,9.8,3.8,2.0,9.0,10.9
2021-08-03,9.042857142857143,6.4,8.0,9.9,7.9,10.4,8.4,12.3
2021-08-04,9.242857142857144,11.9,10.3,11.6,9.2,4.5,7.8,9.4
2021-08-05,11.485714285714286,13.0,11.7,10.9,11.6,11.7,9.1,12.4
2021-08-06,9.142857142857142,11.4,12.6,10.7,7.8,10.5,4.3,6.7
2021-08-07,5.685714285714285,6.0,7.9,7.9,7.5,3.7,1.8,5.0
2021-08-08,1.7428571428571427,2.3,3.5,0.4,2.6,1.7,1.7,0.0
2021-08-09,5.6000000000000005,3.5,2.7,9.2,3.7,1.9,11.5,6.7
2021-08-10,5.242857142857143,4.8,4.6,4.4,3.1,5.1,8.3,6.4
2021-08-11,0.0,0.0,0.0,0.0,0.0,0.0,0.0,0.0
2021-08-12,0.014285714285714287,0.0,0.0,0.0,0.0,0.0,0.0,0.1
2021-08-13,0.0,0.0,0.0,0.0,0.0,0.0,0.0,0.0
2021-08-14,0.0,0.0,0.0,0.0,0.0,0.0,0.0,0.0
2021-08-15,1.2857142857142858,3.7,3.5,0.9,0.0,0.9,0.0,0.0
2021-08-16,0.0,0.0,0.0,0.0,0.0,0.0,0.0,0.0
2021-08-17,0.04285714285714286,0.0,0.0,0.3,0.0,0.0,0.0,0.0
2021-08-18,0.014285714285714287,0.0,0.1,0.0,0.0,0.0,0.0,0.0
2021-08-19,5.9142857142857155,5.9,7.2,8.5,7.7,6.3,2.2,3.6
2021-08-20,2.8,3.1,5.3,6.6,2.4,1.9,0.3,0.0
2021-08-21,2.9857142857142853,1.2,2.6,1.9,3.7,4.6,4.1,2.8
2021-08-22,2.7142857142857144,0.0,0.3,2.8,3.4,1.2,5.8,5.5
2021-08-23,4.957142857142857,3.0,3.9,4.7,4.4,5.9,6.3,6.5
2021-08-24,2.985714285714286,1.7,2.4,1.4,2.7,1.5,6.9,4.3
2021-08-25,6.728571428571429,6.6,6.1,4.4,5.3,7.8,10.1,6.8
2021-08-26,3.242857142857143,1.1,1.1,0.6,0.7,3.2,9.5,6.5
2021-08-27,9.799999999999999,8.1,9.7,10.0,9.3,9.0,12.1,10.4
2021-08-28,10.914285714285713,9.0,10.1,10.0,11.3,12.3,12.6,11.1
2021-08-29,11.271428571428572,11.4,12.0,10.9,9.6,11.5,12.3,11.2
2021-08-30,10.071428571428571,8.7,7.4,8.5,11.2,11.8,11.1,11.8
2021-08-31,10.342857142857143,10.3,11.8,10.8,9.9,8.5,11.1,10.0
2021-09-01,6.8,4.8,6.5,4.6,7.6,5.0,10.5,8.6
2021-09-02,3.142857142857143,4.2,1.9,0.4,1.1,1.8,7.2,5.4
2021-09-03,1.2857142857142858,0.8,0.7,0.0,0.5,0.9,3.8,2.3
2021-09-04,6.971428571428572,7.0,6.2,8.0,7.6,4.7,7.7,7.6
2021-09-05,1.7571428571428573,2.5,0.9,0.0,0.9,1.2,0.9,5.9
2021-09-06,5.314285714285714,6.1,6.6,8.7,6.7,6.5,0.9,1.7
2021-09-07,4.657142857142857,3.7,3.5,3.0,6.6,2.5,5.2,8.1
2021-09-08,5.142857142857143,5.9,6.7,8.5,4.7,2.0,3.0,5.2
2021-09-09,10.085714285714285,9.7,10.1,9.1,10.5,8.5,10.7,12.0
2021-09-10,5.828571428571428,4.3,2.9,4.5,6.0,7.2,8.6,7.3
2021-09-11,1.2142857142857142,1.1,0.6,0.2,1.1,0.9,3.6,1.0
2021-09-12,0.3428571428571429,1.3,0.8,0.0,0.1,0.2,0.0,0.0
2021-09-13,0.0,0.0,0.0,0.0,0.0,0.0,0.0,0.0
2021-09-14,0.028571428571428574,0.0,0.0,0.2,0.0,0.0,0.0,0.0
2021-09-15,3.6999999999999997,1.6,5.7,2.6,7.9,0.0,0.0,8.1
2021-09-16,5.214285714285714,6.7,8.7,4.9,9.0,0.0,0.0,7.2
2021-09-17,0.4,0.0,0.2,0.0,0.0,0.2,1.8,0.6
2021-09-18,7.300000000000002,5.6,6.2,6.9,8.6,7.4,9.2,7.2
2021-09-19,9.828571428571427,6.1,11.7,10.5,9.3,11.1,8.7,11.4
2021-09-20,8.5,8.6,11.3,9.5,10.0,2.7,5.9,11.5
2021-09-21,6.8428571428571425,7.4,7.6,7.0,7.5,2.4,4.9,11.1
2021-09-22,9.171428571428573,10.4,11.1,10.4,8.2,8.5,8.7,6.9
2021-09-23,9.642857142857142,8.7,8.4,7.7,10.2,11.0,11.4,10.1
2021-09-24,8.700000000000001,7.6,9.6,9.1,8.2,7.5,9.7,9.2
2021-09-25,7.714285714285714,8.9,9.4,8.5,9.6,4.7,4.0,8.9
2021-09-26,7.9142857142857155,5.7,8.6,9.6,9.8,5.5,7.5,8.7
2021-09-27,5.6571428571428575,7.9,8.4,9.1,6.9,0.0,0.2,7.1
2021-09-28,1.7714285714285711,2.5,2.0,1.5,2.0,0.6,0.2,3.6
2021-09-29,7.614285714285715,8.2,10.0,10.3,7.7,5.7,4.6,6.8
2021-09-30,6.542857142857144,3.0,5.3,4.8,8.6,6.0,9.1,9.0
2021-10-01,8.885714285714284,7.0,9.1,9.3,8.2,8.4,10.3,9.9
2021-10-02,10.857142857142858,10.7,11.1,10.0,11.1,11.1,11.0,11.0
2021-10-03,10.857142857142858,10.7,11.1,10.0,11.1,10.9,11.0,11.2
2021-10-04,10.242857142857144,10.8,11.1,10.0,11.0,10.3,9.0,9.5
2021-10-05,10.371428571428572,10.8,11.2,10.1,11.1,7.9,10.6,10.9
2021-10-06,10.814285714285715,10.7,11.2,10.0,11.0,10.6,11.0,11.2
2021-10-07,10.157142857142857,9.8,10.9,10.0,10.8,10.8,8.2,10.6
2021-10-08,5.628571428571428,7.3,2.6,2.5,4.9,8.5,5.7,7.9
2021-10-09,8.114285714285716,9.1,10.8,9.8,10.0,9.1,3.6,4.4
2021-10-10,8.014285714285714,8.0,7.5,9.9,8.9,7.8,5.6,8.4
2021-10-11,4.028571428571429,5.9,1.7,3.2,3.4,0.0,4.5,9.5
2021-10-12,4.3999999999999995,1.9,4.7,6.7,8.5,0.2,3.9,4.9
2021-10-13,3.257142857142857,0.1,6.7,6.5,6.6,0.0,0.6,2.3
2021-10-14,9.5,10.3,11.0,9.8,10.0,10.7,5.1,9.6
2021-10-15,10.228571428571428,10.5,10.9,9.9,10.9,10.8,9.6,9.0
2021-10-16,5.771428571428571,0.3,3.6,3.9,6.7,6.9,9.8,9.2
2021-10-17,6.171428571428572,4.8,4.0,6.9,7.8,7.3,4.7,7.7
2021-10-18,6.5857142857142845,7.3,7.7,6.0,7.6,5.4,5.3,6.8
2021-10-19,4.6000000000000005,7.7,4.9,3.1,4.0,4.3,5.7,2.5
2021-10-20,3.042857142857143,0.7,2.3,2.6,3.7,2.0,4.2,5.8
2021-10-21,0.15714285714285717,0.1,1.0,0.0,0.0,0.0,0.0,0.0
2021-10-22,5.9,5.1,5.6,5.1,6.7,2.8,8.4,7.6
2021-10-23,8.828571428571427,8.6,9.1,8.5,10.6,8.1,9.2,7.7
2021-10-24,3.6714285714285713,7.2,6.6,2.5,3.0,1.2,2.5,2.7
2021-10-25,3.714285714285715,4.9,4.0,6.1,4.6,0.0,2.8,3.6
2021-10-26,10.257142857142856,10.2,10.3,9.4,10.4,10.1,10.7,10.7
2021-10-27,9.357142857142858,8.8,8.3,9.2,9.1,8.9,10.5,10.7
2021-10-28,9.914285714285715,9.1,10.0,9.3,10.1,9.9,10.5,10.5
2021-10-29,9.042857142857143,9.6,10.0,8.9,9.4,5.0,10.2,10.2
2021-10-30,3.9285714285714284,2.8,2.3,1.4,5.0,6.4,6.1,3.5
2021-10-31,7.128571428571429,8.9,9.2,9.5,10.1,2.2,3.3,6.7
2021-11-01,7.442857142857143,8.0,7.3,7.4,8.3,9.5,6.4,5.2
2021-11-02,7.214285714285714,3.2,4.0,7.2,7.8,8.3,10.1,9.9
2021-11-03,7.485714285714286,5.0,7.3,6.7,8.7,6.7,8.9,9.1
2021-11-04,8.700000000000001,8.6,9.8,8.3,7.1,7.7,9.1,10.3
2021-11-05,7.057142857142857,6.7,7.0,6.3,7.0,6.9,8.1,7.4
2021-11-06,0.0,0.0,0.0,0.0,0.0,0.0,0.0,0.0
2021-11-07,8.628571428571428,9.7,10.0,9.0,10.0,5.8,7.5,8.4
2021-11-08,0.17142857142857146,0.0,0.3,0.0,0.1,0.2,0.2,0.4
2021-11-09,1.6571428571428573,0.5,1.8,0.5,0.5,3.6,4.2,0.5
2021-11-10,2.557142857142857,1.7,2.9,0.7,0.7,2.5,8.0,1.4
2021-11-11,2.142857142857143,0.8,2.3,1.0,1.0,2.7,4.6,2.6
2021-11-12,4.000000000000001,3.3,6.0,2.6,1.4,4.4,6.6,3.7
2021-11-13,3.9,1.3,4.5,5.0,3.2,2.6,5.7,5.0
2021-11-14,5.328571428571428,5.3,4.2,5.6,5.8,4.7,4.9,6.8
2021-11-15,8.942857142857141,8.6,8.7,8.0,8.3,9.2,10.0,9.8
2021-11-16,5.8571428571428585,5.4,4.6,3.4,5.9,5.9,8.2,7.6
2021-11-17,8.814285714285713,9.0,8.9,8.2,9.2,9.3,8.8,8.3
2021-11-18,4.928571428571429,7.7,7.2,6.0,6.2,7.2,0.2,0.0
2021-11-19,8.742857142857144,9.3,9.8,8.9,9.7,9.7,7.5,6.3
2021-11-20,9.514285714285714,9.2,9.7,8.9,9.9,9.2,9.8,9.9
2021-11-21,2.3,1.9,1.6,1.5,3.2,2.6,3.3,2.0
2021-11-22,0.04285714285714286,0.0,0.0,0.0,0.0,0.3,0.0,0.0
2021-11-23,3.642857142857143,1.9,4.0,0.1,2.6,4.8,9.5,2.6
2021-11-24,3.057142857142857,1.9,1.8,1.4,0.9,1.4,9.1,4.9
2021-11-25,5.557142857142857,4.4,5.2,6.8,4.6,4.0,7.9,6.0
2021-11-26,9.185714285714285,9.2,9.5,8.7,8.7,9.5,9.5,9.2
2021-11-27,8.485714285714286,7.1,8.7,8.9,9.8,5.5,9.8,9.6
2021-11-28,9.271428571428572,9.2,9.9,8.9,9.8,7.6,9.6,9.9
2021-11-29,9.342857142857143,9.2,9.5,8.5,9.5,9.5,9.6,9.6
2021-11-30,1.8714285714285717,0.0,1.7,2.5,3.5,1.6,1.0,2.8
2021-12-01,3.0714285714285707,2.5,2.1,0.4,0.8,4.8,9.7,1.2
2021-12-02,5.714285714285714,1.9,4.2,0.4,6.0,9.3,9.9,8.3
2021-12-03,3.9714285714285715,1.4,0.9,3.2,3.6,4.7,9.3,4.7
2021-12-04,7.357142857142857,5.4,6.4,7.3,6.8,8.0,9.8,7.8
2021-12-05,7.514285714285713,6.2,6.1,7.1,9.6,4.1,9.7,9.8
2021-12-06,7.6,8.8,8.6,8.1,6.9,3.4,8.8,8.6
2021-12-07,6.042857142857144,1.6,2.5,5.4,5.8,8.2,9.7,9.1
2021-12-08,5.357142857142857,1.0,1.4,6.2,6.3,3.3,9.6,9.7
2021-12-09,8.357142857142858,7.9,8.9,7.3,9.2,6.3,9.6,9.3
2021-12-10,4.885714285714285,6.3,4.6,5.9,5.0,5.0,2.5,4.9
2021-12-11,6.671428571428571,3.5,6.2,3.7,8.7,8.2,7.8,8.6
2021-12-12,4.128571428571428,3.0,2.8,0.6,3.2,5.0,9.2,5.1
2021-12-13,7.942857142857142,4.8,8.1,8.4,8.4,9.2,9.1,7.6
2021-12-14,5.171428571428572,1.6,1.2,0.7,6.3,9.3,9.4,7.7
2021-12-15,7.071428571428571,5.7,6.6,4.2,8.0,9.0,7.8,8.2
2021-12-16,0.34285714285714286,0.0,0.6,0.0,0.1,1.7,0.0,0.0
2021-12-17,2.5285714285714285,3.2,2.0,0.1,0.2,4.0,6.8,1.4
2021-12-18,5.128571428571428,1.9,4.8,2.0,4.9,6.9,9.7,5.7
2021-12-19,3.7571428571428567,1.2,3.0,2.7,4.6,4.2,7.6,3.0
2021-12-20,6.128571428571428,1.1,4.2,5.8,4.1,9.2,9.4,9.1
2021-12-21,1.557142857142857,3.2,1.6,1.0,0.9,2.8,0.7,0.7
2021-12-22,8.942857142857143,8.0,9.1,8.3,9.2,8.9,9.6,9.5
2021-12-23,9.128571428571428,8.7,9.3,8.3,9.5,9.3,9.4,9.4
2021-12-24,2.1571428571428575,3.7,3.5,1.1,2.9,3.7,0.2,0.0
2021-12-25,7.128571428571429,7.1,6.3,3.4,8.4,8.3,9.2,7.2
2021-12-26,4.457142857142857,2.9,5.0,1.0,4.5,7.3,9.7,0.8
2021-12-27,5.142857142857143,3.6,6.7,0.5,5.3,9.3,9.7,0.9
2021-12-28,4.585714285714286,0.1,0.0,0.6,6.2,6.1,9.6,9.5
2021-12-29,0.14285714285714285,0.1,0.2,0.3,0.0,0.2,0.0,0.2
2021-12-30,4.4,4.1,4.8,0.9,5.2,5.3,8.4,2.1
2021-12-31,7.8428571428571425,8.4,9.1,3.1,9.0,9.2,9.7,6.4
2022-01-01,9.185714285714285,8.8,9.5,8.1,9.6,8.8,9.8,9.7
2022-01-02,4.928571428571429,5.4,5.7,3.7,5.4,5.7,4.6,4.0
2022-01-03,8.799999999999999,8.6,8.4,8.4,8.9,8.5,9.8,9.0
2022-01-04,7.814285714285715,4.4,8.4,4.9,8.9,9.0,9.6,9.5
2022-01-05,0.6285714285714287,0.0,0.3,0.1,0.1,0.2,1.5,2.2
2022-01-06,5.3,6.3,6.4,7.3,5.1,4.1,1.5,6.4
2022-01-07,8.514285714285714,8.7,9.1,8.1,9.0,8.2,9.4,7.1
2022-01-08,6.057142857142857,8.2,7.7,8.2,8.9,8.9,0.0,0.5
2022-01-09,4.385714285714286,2.3,3.0,3.2,5.6,5.2,6.9,4.5
2022-01-10,9.171428571428573,8.7,9.2,8.4,9.5,9.2,9.5,9.7
2022-01-11,2.2428571428571433,2.0,4.0,0.4,1.0,2.7,4.8,0.8
2022-01-12,6.257142857142857,5.7,8.0,2.1,7.8,7.7,9.9,2.6
2022-01-13,2.5285714285714285,2.1,1.9,0.4,2.4,1.7,7.5,1.7
2022-01-14,8.671428571428573,6.4,8.9,8.7,9.1,8.6,9.7,9.3
2022-01-15,1.5714285714285714,2.3,0.6,0.0,1.6,4.5,0.8,1.2
2022-01-16,2.057142857142857,0.0,0.0,1.2,2.4,3.4,5.1,2.3
2022-01-17,4.6571428571428575,6.4,7.2,5.0,5.7,6.7,0.5,1.1
2022-01-18,6.714285714285714,6.3,9.2,7.2,8.4,6.7,5.4,3.8
2022-01-19,9.014285714285716,7.5,9.8,7.7,9.9,9.8,8.6,9.8
2022-01-20,5.114285714285715,1.3,2.7,5.8,8.3,3.2,8.3,6.2
2022-01-21,6.028571428571429,1.4,6.6,6.9,8.4,2.8,9.0,7.1
2022-01-22,2.1142857142857143,6.5,1.2,0.2,1.2,2.5,1.4,1.8
2022-01-23,0.0,0.0,0.0,0.0,0.0,0.0,0.0,0.0
2022-01-24,1.9285714285714286,0.7,2.9,3.4,5.4,1.1,0.0,0.0
2022-01-25,6.028571428571429,8.5,9.8,7.9,6.5,4.8,0.1,4.6
2022-01-26,7.342857142857143,5.1,8.3,6.9,7.7,6.9,9.8,6.7
2022-01-27,1.4285714285714286,4.6,1.2,0.3,0.3,3.6,0.0,0.0
2022-01-28,6.457142857142857,7.5,6.0,7.6,6.4,7.1,5.5,5.1
2022-01-29,1.5285714285714287,3.2,2.3,1.3,0.7,1.8,0.8,0.6
2022-01-30,2.2857142857142856,4.6,3.8,3.5,2.4,1.7,0.0,0.0
2022-01-31,9.3,8.6,10.1,9.0,9.0,8.2,10.2,10.0
2022-02-01,2.0857142857142854,0.3,0.9,0.2,1.4,4.3,6.3,1.2
2022-02-02,1.6999999999999997,3.4,2.6,0.1,0.6,4.7,0.4,0.1
2022-02-03,2.1714285714285713,2.1,4.0,3.0,3.0,3.1,0.0,0.0
2022-02-04,7.8999999999999995,6.9,7.8,7.3,8.3,8.1,8.7,8.2
2022-02-05,5.114285714285714,5.4,3.5,2.6,3.3,8.6,9.9,2.5
2022-02-06,7.385714285714285,3.8,8.1,5.2,9.5,9.9,10.4,4.8
2022-02-07,2.3714285714285714,2.7,1.6,1.4,1.9,3.0,4.3,1.7
2022-02-08,0.6714285714285714,1.2,1.7,1.2,0.6,0.0,0.0,0.0
2022-02-09,6.528571428571429,9.3,9.8,8.4,5.5,7.0,4.1,1.6
2022-02-10,1.7285714285714289,0.8,0.4,0.8,1.6,1.6,2.0,4.9
2022-02-11,7.1571428571428575,4.4,5.1,6.1,8.4,6.2,10.0,9.9
2022-02-12,1.614285714285714,7.0,3.0,0.0,0.0,1.1,0.0,0.2
2022-02-13,0.27142857142857146,0.0,0.0,0.8,0.8,0.0,0.0,0.3
2022-02-14,6.042857142857143,7.2,6.6,7.2,6.8,4.4,5.3,4.8
2022-02-15,6.97142857142857,5.5,8.5,7.0,3.9,9.7,9.4,4.8
2022-02-16,4.457142857142856,4.1,1.8,0.8,2.2,8.3,10.6,3.4
2022-02-17,8.342857142857143,5.9,9.1,7.5,9.6,9.2,9.9,7.2
2022-02-18,6.8999999999999995,7.3,8.6,7.7,8.7,4.4,6.4,5.2
2022-02-19,0.09999999999999999,0.0,0.0,0.0,0.0,0.0,0.0,0.7
2022-02-20,4.3,3.9,6.9,3.8,3.5,6.7,3.5,1.8
2022-02-21,8.042857142857143,7.6,9.4,6.3,8.8,8.8,7.6,7.8
2022-02-22,9.27142857142857,8.8,9.4,7.9,9.4,9.4,10.7,9.3
2022-02-23,0.6571428571428571,0.3,1.7,1.0,0.0,1.6,0.0,0.0
2022-02-24,10.3,10.0,10.1,9.8,10.6,10.7,10.6,10.3
2022-02-25,10.414285714285713,10.5,10.9,8.5,10.7,10.6,11.0,10.7
2022-02-26,8.328571428571427,7.1,7.1,6.3,9.6,10.6,9.8,7.8
2022-02-27,10.414285714285715,10.4,10.7,9.9,10.4,10.5,10.8,10.2
2022-02-28,7.857142857142857,7.0,6.7,4.9,5.7,10.0,10.1,10.6
2022-03-01,0.2714285714285714,0.1,0.3,0.3,0.0,0.2,0.9,0.1
2022-03-02,8.385714285714286,10.3,9.6,6.8,9.4,10.5,7.4,4.7
2022-03-03,10.27142857142857,10.6,10.9,9.6,9.9,10.9,9.7,10.3
2022-03-04,2.8857142857142857,2.2,1.3,1.5,1.8,3.1,5.8,4.5
2022-03-05,9.171428571428573,9.3,9.9,7.2,9.3,10.1,9.9,8.5
2022-03-06,10.842857142857143,10.7,11.3,9.9,11.1,10.9,11.0,11.0
2022-03-07,3.0714285714285716,5.0,5.3,4.6,3.3,3.0,0.3,0.0
2022-03-08,10.557142857142855,10.6,10.8,9.8,10.6,10.4,10.9,10.8
2022-03-09,10.085714285714285,10.5,10.0,8.7,10.1,10.1,10.9,10.3
2022-03-10,10.042857142857143,10.1,10.8,8.8,10.6,10.3,10.2,9.5
2022-03-11,6.414285714285714,5.7,8.0,8.7,9.0,8.0,3.9,1.6
2022-03-12,8.357142857142858,3.8,10.3,9.3,9.2,6.0,9.8,10.1
2022-03-13,1.8285714285714287,0.6,0.7,1.3,1.4,1.5,5.1,2.2
2022-03-14,4.485714285714286,2.5,2.0,1.5,3.8,6.3,8.4,6.9
2022-03-15,9.814285714285715,10.8,11.2,10.3,9.1,10.5,8.3,8.5
2022-03-16,10.87142857142857,10.8,10.9,10.2,11.2,11.1,11.3,10.6
2022-03-17,3.857142857142857,4.4,4.2,4.3,4.6,5.8,2.7,1.0
2022-03-18,1.0285714285714287,0.0,0.9,2.6,1.3,0.0,2.1,0.3
2022-03-19,2.7714285714285714,1.7,1.4,0.2,0.9,3.5,8.0,3.7
2022-03-20,5.328571428571428,3.3,4.3,3.8,5.8,4.8,8.9,6.4
2022-03-21,1.0571428571428572,3.3,0.9,0.0,0.1,2.7,0.0,0.4
2022-03-22,2.942857142857143,5.7,4.8,3.2,2.3,2.6,1.0,1.0
2022-03-23,0.8142857142857142,2.0,1.6,1.7,0.3,0.0,0.0,0.1
2022-03-24,10.542857142857143,10.5,8.8,10.3,10.8,11.0,11.3,11.1
2022-03-25,6.557142857142857,6.8,6.7,5.4,7.0,7.5,6.5,6.0
2022-03-26,0.6285714285714287,1.2,0.6,0.0,0.4,0.8,1.4,0.0
2022-03-27,8.471428571428572,7.5,7.9,8.6,8.1,10.2,9.6,7.4
2022-03-28,0.7999999999999999,1.0,1.1,0.2,0.7,1.5,1.0,0.1
2022-03-29,3.8000000000000003,8.5,8.8,4.9,0.9,3.5,0.0,0.0
2022-03-30,2.3857142857142857,1.5,0.7,2.2,4.5,3.3,0.0,4.5
2022-03-31,1.457142857142857,0.0,1.7,0.2,0.1,0.0,6.1,2.1
2022-04-01,8.914285714285715,10.0,10.4,8.3,9.2,10.4,7.0,7.1
2022-04-02,8.314285714285713,10.1,10.7,10.3,9.4,9.1,4.3,4.3
2022-04-03,11.042857142857143,12.0,12.0,11.0,11.4,11.3,10.0,9.6
2022-04-04,11.814285714285715,12.0,12.1,11.0,11.7,12.0,11.9,12.0
2022-04-05,9.185714285714285,9.1,9.6,7.5,8.9,9.4,9.3,10.5
2022-04-06,10.728571428571428,11.6,10.5,10.0,10.9,11.5,10.3,10.3
2022-04-07,10.571428571428571,10.9,10.7,10.0,11.0,10.5,10.4,10.5
2022-04-08,11.700000000000001,11.7,11.9,11.0,11.8,11.8,11.9,11.8
2022-04-09,11.814285714285715,11.9,11.9,11.1,11.9,12.0,11.9,12.0
2022-04-10,10.742857142857144,10.2,10.5,9.2,11.0,11.0,11.6,11.7
2022-04-11,1.6142857142857143,4.4,3.0,0.6,1.4,1.9,0.0,0.0
2022-04-12,6.1571428571428575,8.4,5.4,5.8,8.4,5.0,2.9,7.2
2022-04-13,3.7428571428571424,2.2,6.0,4.8,1.7,3.0,3.4,5.1
2022-04-14,0.48571428571428577,0.0,0.0,0.0,0.0,0.0,0.7,2.7
2022-04-15,3.642857142857143,0.0,4.7,4.6,3.4,0.5,5.3,7.0
2022-04-16,11.114285714285714,10.7,12.0,10.6,10.2,11.6,11.5,11.2
2022-04-17,11.957142857142857,12.0,12.3,11.4,12.0,12.1,11.8,12.1
2022-04-18,1.5714285714285714,1.9,1.4,2.6,2.3,1.3,1.3,0.2
2022-04-19,8.114285714285714,11.2,11.0,10.6,10.0,11.6,0.0,2.4
2022-04-20,11.557142857142855,11.9,11.4,11.1,11.8,11.8,11.8,11.1
2022-04-21,0.07142857142857142,0.0,0.0,0.3,0.2,0.0,0.0,0.0
2022-04-22,11.142857142857144,11.5,11.6,10.3,9.7,11.5,11.9,11.5
2022-04-23,0.0,0.0,0.0,0.0,0.0,0.0,0.0,0.0
2022-04-24,2.0999999999999996,5.3,4.1,3.6,1.1,0.6,0.0,0.0
2022-04-25,7.928571428571429,10.6,7.3,9.2,9.2,10.2,2.8,6.2
2022-04-26,0.42857142857142855,0.0,0.0,0.0,0.4,0.1,2.5,0.0
2022-04-27,4.8,7.3,8.2,6.2,3.8,7.2,0.0,0.9
2022-04-28,8.542857142857143,9.7,10.9,10.6,9.5,8.1,4.6,6.4
2022-04-29,1.7428571428571427,0.0,0.2,2.6,2.3,0.5,3.4,3.2
2022-04-30,8.085714285714285,9.1,9.0,7.5,7.8,6.5,10.4,6.3
2022-05-01,5.071428571428571,7.4,6.1,5.1,3.4,4.7,3.8,5.0
2022-05-02,8.614285714285714,11.6,11.1,11.1,11.0,8.6,4.5,2.4
2022-05-03,12.514285714285716,12.9,12.9,11.8,12.6,12.9,12.1,12.4
2022-05-04,11.328571428571431,12.9,11.8,10.0,10.7,11.2,11.5,11.2
2022-05-05,7.257142857142858,9.3,10.3,7.1,6.6,8.0,5.4,4.1
2022-05-06,1.0142857142857145,1.4,1.1,4.2,0.0,0.4,0.0,0.0
2022-05-07,7.357142857142857,9.3,7.7,6.4,7.8,5.5,5.8,9.0
2022-05-08,8.957142857142857,8.3,12.1,11.9,12.5,6.2,5.6,6.1
2022-05-09,1.9285714285714286,7.3,2.5,3.2,0.0,0.0,0.0,0.5
2022-05-10,2.2857142857142856,2.5,3.1,3.1,2.7,1.3,0.0,3.3
2022-05-11,0.1142857142857143,0.1,0.2,0.0,0.4,0.1,0.0,0.0
2022-05-12,0.11428571428571428,0.0,0.7,0.1,0.0,0.0,0.0,0.0
2022-05-13,0.0,0.0,0.0,0.0,0.0,0.0,0.0,0.0
2022-05-14,9.12857142857143,9.2,10.9,10.7,9.2,9.7,5.2,9.0
2022-05-15,0.4571428571428572,2.1,0.4,0.5,0.1,0.1,0.0,0.0
2022-05-16,2.8285714285714283,6.7,2.8,3.5,3.0,2.9,0.5,0.4
2022-05-17,9.942857142857141,12.2,10.1,11.9,10.7,10.1,6.6,8.0
2022-05-18,12.285714285714286,13.1,12.4,12.3,12.9,13.1,11.7,10.5
2022-05-19,4.4,5.7,2.0,3.2,3.1,3.2,7.8,5.8
2022-05-20,0.04285714285714286,0.0,0.3,0.0,0.0,0.0,0.0,0.0
2022-05-21,5.828571428571428,12.1,10.4,6.8,5.3,5.3,0.0,0.9
2022-05-22,12.6,13.1,13.1,12.0,12.6,13.0,11.8,12.6
2022-05-23,1.2714285714285711,3.3,1.8,1.6,1.3,0.9,0.0,0.0
2022-05-24,11.071428571428571,12.0,12.0,11.8,10.6,12.2,9.2,9.7
2022-05-25,9.12857142857143,11.2,10.9,10.6,9.6,9.0,5.7,6.9
2022-05-26,0.08571428571428572,0.2,0.0,0.0,0.3,0.1,0.0,0.0
2022-05-27,12.685714285714287,13.3,13.4,12.5,12.9,12.9,11.9,11.9
2022-05-28,6.1571428571428575,8.6,8.3,8.5,8.4,7.2,1.6,0.5
2022-05-29,5.571428571428571,10.2,8.7,3.9,5.5,10.6,0.0,0.1
2022-05-30,0.7857142857142857,0.7,0.3,0.5,2.7,0.0,1.0,0.3
2022-05-31,8.442857142857141,8.8,9.7,7.0,6.3,9.6,9.2,8.5
2022-06-01,3.3428571428571425,7.1,5.5,2.4,2.2,4.3,0.7,1.2
2022-06-02,12.342857142857142,12.5,12.7,12.4,12.9,12.8,11.6,11.5
2022-06-03,12.414285714285713,11.8,12.2,12.5,12.9,13.0,12.9,11.6
2022-06-04,10.757142857142856,10.3,10.8,10.5,11.2,11.3,10.4,10.8
2022-06-05,0.0,0.0,0.0,0.0,0.0,0.0,0.0,0.0
2022-06-06,5.5857142857142845,2.5,5.7,6.7,4.4,6.5,7.5,5.8
2022-06-07,8.085714285714285,10.1,4.5,5.1,8.7,10.5,9.8,7.9
2022-06-08,9.485714285714284,12.4,9.6,11.5,9.9,7.1,8.3,7.6
2022-06-09,8.228571428571428,11.3,10.3,10.7,11.8,5.0,2.8,5.7
2022-06-10,3.0000000000000004,4.3,3.6,2.7,3.6,3.9,1.3,1.6
2022-06-11,0.014285714285714287,0.0,0.1,0.0,0.0,0.0,0.0,0.0
2022-06-12,8.028571428571428,5.8,6.8,7.6,7.8,11.7,9.0,7.5
2022-06-13,0.0,0.0,0.0,0.0,0.0,0.0,0.0,0.0
2022-06-14,0.014285714285714287,0.0,0.0,0.1,0.0,0.0,0.0,0.0
2022-06-15,4.428571428571429,5.2,7.0,6.4,6.6,2.5,1.6,1.7
2022-06-16,7.142857142857143,8.4,8.9,8.1,8.9,8.4,3.7,3.6
2022-06-17,5.585714285714286,8.5,8.3,5.6,7.6,7.0,1.4,0.7
2022-06-18,6.457142857142856,11.2,11.6,9.8,6.7,2.5,2.6,0.8
2022-06-19,2.214285714285714,6.5,3.1,2.1,1.6,2.1,0.1,0.0
2022-06-20,0.3428571428571429,0.1,0.1,0.0,0.6,1.4,0.1,0.1
2022-06-21,0.6714285714285715,2.1,1.6,0.0,0.4,0.6,0.0,0.0
2022-06-22,4.371428571428572,3.0,3.0,2.4,2.6,7.1,11.2,1.3
2022-06-23,5.228571428571429,6.1,2.3,0.9,6.2,9.6,8.9,2.6
2022-06-24,4.6571428571428575,3.5,0.7,0.6,1.5,10.0,11.2,5.1
2022-06-25,0.2714285714285714,0.1,0.0,0.2,0.0,0.0,0.7,0.9
2022-06-26,5.828571428571428,6.5,3.6,6.4,5.8,6.8,4.9,6.8
2022-06-27,8.985714285714286,5.4,11.7,10.3,10.2,6.4,9.4,9.5
2022-06-28,10.257142857142856,9.4,10.1,7.2,12.5,10.7,9.8,12.1
2022-06-29,12.171428571428573,10.8,13.5,11.8,13.2,12.0,10.9,13.0
2022-06-30,12.742857142857144,13.6,12.9,12.4,11.6,12.1,13.6,13.0
2022-07-01,12.842857142857143,13.1,12.7,12.7,12.9,13.0,12.0,13.5
2022-07-02,8.985714285714286,11.2,9.9,9.5,10.6,9.6,4.3,7.8
2022-07-03,0.8714285714285716,2.2,2.8,0.9,0.2,0.0,0.0,0.0
2022-07-04,0.6428571428571429,2.8,0.9,0.1,0.4,0.2,0.1,0.0
2022-07-05,0.4714285714285715,0.1,0.0,0.3,0.0,0.2,0.6,2.1
2022-07-06,1.9000000000000001,2.8,1.7,2.2,1.3,1.4,1.7,2.2
2022-07-07,7.914285714285714,7.6,7.8,7.8,10.3,5.8,8.1,8.0
2022-07-08,5.4,3.0,4.7,5.6,7.4,3.7,7.2,6.2
2022-07-09,9.557142857142859,9.9,7.2,10.9,11.0,9.4,9.0,9.5
2022-07-10,9.914285714285715,9.9,9.9,11.8,9.3,8.5,10.0,10.0
2022-07-11,5.771428571428572,3.1,3.6,5.4,5.3,5.9,8.9,8.2
2022-07-12,4.585714285714286,3.3,5.7,5.8,3.2,3.3,6.3,4.5
2022-07-13,6.271428571428571,6.1,4.2,7.3,6.1,6.7,5.7,7.8
2022-07-14,2.742857142857143,1.7,2.1,0.4,2.1,2.0,6.2,4.7
2022-07-15,0.31428571428571433,1.2,0.0,0.0,0.1,0.0,0.2,0.7
2022-07-16,6.185714285714285,7.8,5.9,7.3,7.1,2.7,3.8,8.7
2022-07-17,2.242857142857143,4.7,3.2,1.3,2.0,3.9,0.2,0.4
2022-07-18,1.0571428571428572,0.3,0.1,0.0,0.9,1.9,1.7,2.5
2022-07-19,2.0571428571428574,5.2,3.6,0.0,0.0,2.4,1.9,1.3
2022-07-20,2.1714285714285717,7.5,2.3,1.4,0.1,2.4,1.0,0.5
2022-07-21,3.457142857142857,8.9,2.6,0.3,0.9,6.3,4.4,0.8
2022-07-22,10.257142857142858,10.2,11.5,10.8,9.1,7.6,12.6,10.0
2022-07-23,9.742857142857144,8.9,5.7,11.2,9.3,9.0,12.0,12.1
2022-07-24,4.885714285714286,3.4,1.8,1.1,5.2,6.2,9.0,7.5
2022-07-25,7.514285714285714,3.1,6.9,10.1,7.6,7.3,8.7,8.9
2022-07-26,9.528571428571428,11.7,9.9,12.2,10.7,5.7,5.1,11.4
2022-07-27,7.214285714285714,10.0,9.0,12.1,7.6,3.8,1.3,6.7
2022-07-28,8.742857142857144,9.3,9.5,11.9,8.8,6.2,5.8,9.7
2022-07-29,8.314285714285715,12.3,10.3,10.3,10.1,6.8,2.7,5.7
2022-07-30,5.471428571428571,5.7,5.2,8.1,5.0,4.2,4.7,5.4
2022-07-31,1.757142857142857,0.9,1.6,4.1,0.8,0.5,1.8,2.6
2022-08-01,9.128571428571428,10.2,9.0,6.5,10.2,10.9,10.1,7.0
2022-08-02,11.885714285714286,10.1,12.7,11.6,12.7,12.0,11.4,12.7
2022-08-03,10.885714285714286,11.1,10.9,11.0,11.2,8.8,13.0,10.2
2022-08-04,9.428571428571429,11.0,7.6,8.9,7.5,7.7,11.9,11.4
2022-08-05,6.4,8.5,9.7,6.5,3.0,2.1,6.9,8.1
2022-08-06,5.6,4.0,3.4,3.0,6.0,7.4,7.0,8.4
2022-08-07,7.7,7.1,6.7,5.7,9.9,6.9,9.2,8.4
2022-08-08,9.671428571428569,6.5,10.8,8.5,11.3,11.7,9.9,9.0
2022-08-09,9.457142857142857,8.0,8.9,10.1,11.0,9.7,10.7,7.8
2022-08-10,8.428571428571429,4.4,8.0,8.6,10.3,9.2,10.8,7.7
2022-08-11,8.77142857142857,4.7,8.2,8.5,9.0,9.7,11.0,10.3
2022-08-12,1.0999999999999999,0.9,0.0,0.0,0.0,1.4,2.8,2.6
2022-08-13,4.614285714285714,4.9,2.8,5.4,2.0,5.9,4.9,6.4
2022-08-14,8.471428571428572,5.5,5.4,8.4,9.4,9.3,12.1,9.2
2022-08-15,7.057142857142857,8.6,6.2,5.1,6.4,8.5,7.9,6.7
2022-08-16,4.214285714285714,1.7,0.7,4.3,4.8,4.0,9.5,4.5
2022-08-17,1.1714285714285713,0.0,0.0,0.0,0.0,0.3,4.3,3.6
2022-08-18,4.371428571428572,10.4,8.3,0.3,1.2,6.7,1.7,2.0
2022-08-19,7.014285714285714,7.0,5.2,7.6,6.1,7.1,10.9,5.2
2022-08-20,3.3285714285714287,2.7,3.4,1.7,4.0,4.1,5.1,2.3
2022-08-21,5.428571428571428,6.4,2.9,5.2,7.2,8.6,3.8,3.9
2022-08-22,8.299999999999999,6.9,7.0,9.4,7.2,10.4,9.4,7.8
2022-08-23,5.728571428571429,5.5,4.9,7.1,4.5,4.1,5.6,8.4
2022-08-24,1.6285714285714286,0.0,0.4,0.2,2.1,2.4,4.5,1.8
2022-08-25,9.12857142857143,10.2,9.3,10.3,8.9,11.1,7.0,7.1
2022-08-26,5.485714285714286,4.3,3.0,4.9,3.3,5.5,9.8,7.6
2022-08-27,9.657142857142857,9.4,9.0,8.3,9.4,9.7,11.1,10.7
2022-08-28,9.385714285714286,6.4,9.6,11.1,11.2,7.5,10.5,9.4
2022-08-29,9.12857142857143,10.3,11.6,10.1,11.9,9.3,5.5,5.2
2022-08-30,10.371428571428572,10.0,10.3,9.8,11.6,11.1,10.0,9.8
2022-08-31,8.585714285714287,6.5,9.0,10.6,9.3,6.6,7.6,10.5
2022-09-01,2.1285714285714286,0.0,1.3,1.1,3.1,0.0,2.2,7.2
2022-09-02,0.8142857142857143,0.0,0.0,0.3,2.2,0.0,1.2,2.0
2022-09-03,0.21428571428571427,0.0,0.0,0.0,0.1,0.0,0.1,1.3
2022-09-04,4.328571428571428,8.7,5.4,4.1,3.5,1.3,2.2,5.1
2022-09-05,0.7857142857142857,0.0,0.1,0.0,0.4,0.6,3.3,1.1
2022-09-06,2.185714285714286,2.9,0.3,0.0,0.8,4.8,5.8,0.7
2022-09-07,9.414285714285715,11.0,6.6,5.6,9.2,10.9,11.6,11.0
2022-09-08,9.457142857142856,9.0,8.9,9.4,8.8,8.6,10.9,10.6
2022-09-09,8.842857142857143,7.1,7.7,7.2,10.9,8.9,11.0,9.1
2022-09-10,8.742857142857144,9.9,8.2,7.8,9.1,5.1,11.6,9.5
2022-09-11,7.257142857142855,10.0,10.5,8.9,7.8,4.0,1.8,7.8
2022-09-12,8.414285714285715,8.6,9.8,8.5,11.0,9.8,4.9,6.3
2022-09-13,4.728571428571429,4.1,6.7,7.7,3.5,0.6,4.3,6.2
2022-09-14,9.342857142857143,10.6,11.6,10.4,10.0,5.6,6.3,10.9
2022-09-15,7.114285714285715,7.4,8.3,8.7,8.8,4.8,4.7,7.1
2022-09-16,6.142857142857143,9.6,8.7,10.0,8.7,2.0,0.5,3.5
2022-09-17,0.4,1.0,1.5,0.0,0.1,0.2,0.0,0.0
2022-09-18,0.0,0.0,0.0,0.0,0.0,0.0,0.0,0.0
2022-09-19,0.07142857142857142,0.0,0.2,0.1,0.0,0.0,0.2,0.0
2022-09-20,9.242857142857144,5.5,8.8,10.6,10.9,7.4,10.8,10.7
2022-09-21,7.685714285714286,7.4,8.2,7.2,6.8,5.2,9.9,9.1
2022-09-22,5.3428571428571425,9.3,9.0,8.2,4.2,1.7,2.2,2.8
2022-09-23,2.4285714285714284,0.1,0.5,0.6,2.1,1.0,3.9,8.8
2022-09-24,7.185714285714285,6.8,5.1,4.9,7.9,6.0,9.4,10.2
2022-09-25,7.414285714285714,7.3,8.2,6.8,9.2,7.4,8.4,4.6
2022-09-26,1.4142857142857144,0.2,0.4,0.8,1.2,0.1,1.1,6.1
2022-09-27,1.4714285714285715,2.5,1.6,1.7,1.0,0.8,1.3,1.4
2022-09-28,4.942857142857142,4.3,3.9,3.3,5.5,3.9,3.4,10.3
2022-09-29,3.6999999999999997,3.6,1.8,1.1,2.1,0.9,6.8,9.6
2022-09-30,10.514285714285716,10.6,11.5,10.1,11.1,11.1,9.7,9.5
2022-10-01,10.157142857142857,9.5,11.1,10.3,10.8,10.8,9.4,9.2
2022-10-02,9.77142857142857,9.6,10.7,9.9,10.4,10.3,8.7,8.8
2022-10-03,10.442857142857141,10.4,11.0,10.2,11.2,9.1,10.0,11.2
2022-10-04,6.071428571428571,4.7,4.0,4.7,7.3,8.1,8.6,5.1
2022-10-05,6.485714285714286,7.0,6.2,7.3,5.8,4.8,6.8,7.5
2022-10-06,1.7142857142857142,2.1,0.6,0.1,0.4,0.0,3.0,5.8
2022-10-07,1.7428571428571427,3.2,2.1,2.2,0.5,1.2,0.9,2.1
2022-10-08,5.314285714285715,5.8,6.5,5.0,5.9,4.1,5.4,4.5
2022-10-09,0.0,0.0,0.0,0.0,0.0,0.0,0.0,0.0
2022-10-10,5.814285714285715,2.8,5.5,5.4,7.4,4.1,8.6,6.9
2022-10-11,4.185714285714285,1.9,0.6,1.0,0.8,5.5,10.6,8.9
2022-10-12,6.185714285714285,10.1,9.3,8.7,7.8,1.5,1.6,4.3
2022-10-13,7.214285714285714,10.2,10.9,9.8,9.2,3.5,0.9,6.0
2022-10-14,9.0,10.6,10.9,9.8,10.9,5.9,4.2,10.7
2022-10-15,9.842857142857143,10.5,10.7,9.9,10.7,8.2,8.1,10.8
2022-10-16,4.642857142857143,7.7,5.1,0.9,4.4,4.5,5.5,4.4
2022-10-17,0.0,0.0,0.0,0.0,0.0,0.0,0.0,0.0
2022-10-18,7.8428571428571425,7.1,7.6,8.0,8.6,9.1,6.5,8.0
2022-10-19,9.642857142857142,7.2,9.5,9.3,9.9,10.3,10.8,10.5
2022-10-20,10.257142857142858,10.4,10.9,9.9,10.8,8.7,10.6,10.5
2022-10-21,8.8,9.5,9.8,7.6,8.8,9.6,5.7,10.6
2022-10-22,5.928571428571428,3.3,4.8,5.8,6.5,5.4,7.3,8.4
2022-10-23,7.6,7.6,8.6,9.1,5.9,7.9,5.1,9.0
2022-10-24,7.428571428571429,4.1,7.4,9.5,8.3,4.3,9.1,9.3
2022-10-25,8.485714285714286,5.8,6.2,8.6,8.5,9.2,10.5,10.6
2022-10-26,9.842857142857143,10.0,10.2,9.4,10.3,8.4,10.4,10.2
2022-10-27,0.7857142857142857,3.1,0.0,0.0,0.0,0.5,1.1,0.8
2022-10-28,7.657142857142857,9.5,9.7,8.5,9.6,3.9,4.4,8.0
2022-10-29,9.299999999999999,9.6,10.4,9.6,10.4,6.1,10.2,8.8
2022-10-30,9.714285714285714,9.9,10.5,9.6,10.3,9.0,8.4,10.3
2022-10-31,7.657142857142858,9.9,9.9,9.2,9.7,4.2,5.6,5.1
2022-11-01,1.3142857142857145,4.4,2.1,1.5,0.8,0.4,0.0,0.0
2022-11-02,5.542857142857143,9.4,9.5,8.0,6.7,4.8,0.0,0.4
2022-11-03,7.4,9.8,10.3,8.4,8.1,8.6,3.2,3.4
2022-11-04,8.085714285714285,5.7,9.2,6.8,9.0,9.2,7.8,8.9
2022-11-05,9.657142857142857,9.5,9.0,9.2,10.1,10.1,10.1,9.6
2022-11-06,8.1,8.1,8.7,6.2,7.8,7.7,9.9,8.3
2022-11-07,7.028571428571429,8.5,8.7,9.0,6.9,3.3,6.6,6.2
2022-11-08,9.757142857142856,9.7,9.9,9.2,9.9,9.9,9.7,10.0
2022-11-09,9.714285714285714,9.7,10.0,8.8,10.0,9.9,9.8,9.8
2022-11-10,6.757142857142857,7.2,6.7,4.3,7.1,8.8,7.5,5.7
2022-11-11,5.942857142857143,7.2,8.2,6.6,7.7,4.3,3.2,4.4
2022-11-12,5.857142857142857,8.2,8.2,6.2,8.2,4.9,1.7,3.6
2022-11-13,3.9857142857142853,3.3,4.5,1.4,2.7,3.8,7.3,4.9
2022-11-14,5.714285714285714,6.9,5.5,2.6,6.3,8.7,5.1,4.9
2022-11-15,6.8428571428571425,7.4,9.6,6.9,6.4,7.7,6.5,3.4
2022-11-16,9.0,8.2,9.1,8.1,9.6,8.8,9.9,9.3
2022-11-17,1.1285714285714283,2.3,2.0,0.1,0.2,1.6,1.1,0.6
2022-11-18,3.6142857142857148,8.7,8.4,2.1,2.7,2.8,0.0,0.6
2022-11-19,0.2285714285714286,0.5,0.8,0.0,0.2,0.1,0.0,0.0
2022-11-20,4.5285714285714285,4.8,5.7,6.9,8.7,1.5,1.8,2.3
2022-11-21,8.914285714285715,6.4,9.4,8.9,9.8,8.9,9.6,9.4
2022-11-22,2.2857142857142856,1.1,0.9,1.3,2.2,2.9,4.8,2.8
2022-11-23,1.7142857142857142,0.0,1.3,2.3,0.0,0.3,6.1,2.0
2022-11-24,6.757142857142857,5.4,6.2,4.5,7.0,9.2,8.1,6.9
2022-11-25,8.514285714285716,9.3,9.9,8.5,9.2,9.2,7.6,5.9
2022-11-26,5.871428571428571,8.3,8.7,6.9,6.9,3.6,2.4,4.3
2022-11-27,7.5857142857142845,7.3,7.6,6.9,8.3,7.7,7.8,7.5
2022-11-28,8.342857142857143,8.9,9.1,7.6,9.1,8.7,6.9,8.1
2022-11-29,0.7857142857142856,0.9,0.0,0.5,0.3,0.7,2.3,0.8
2022-11-30,0.35714285714285715,0.1,1.2,0.2,0.8,0.1,0.0,0.1
2022-12-01,3.9285714285714284,2.3,5.6,4.4,5.5,2.5,3.0,4.2
2022-12-02,3.7,4.0,4.7,5.4,6.5,1.9,1.6,1.8
2022-12-03,3.4857142857142853,8.0,7.2,5.7,0.0,1.4,0.8,1.3
2022-12-04,0.08571428571428572,0.0,0.0,0.0,0.0,0.0,0.1,0.5
2022-12-05,0.1285714285714286,0.0,0.1,0.0,0.3,0.5,0.0,0.0
2022-12-06,7.357142857142856,4.2,7.0,6.3,8.8,7.5,9.8,7.9
2022-12-07,4.514285714285714,2.9,2.6,1.5,3.1,2.6,9.5,9.4
2022-12-08,8.014285714285714,6.7,8.3,6.6,8.2,9.0,9.1,8.2
2022-12-09,6.1,4.1,4.8,6.6,8.0,6.4,7.0,5.8
2022-12-10,8.628571428571428,8.5,7.9,7.2,9.3,9.0,9.1,9.4
2022-12-11,3.114285714285714,0.9,1.6,2.1,2.9,1.0,8.2,5.1
2022-12-12,6.857142857142857,8.0,8.4,7.1,7.1,4.8,6.2,6.4
2022-12-13,5.1571428571428575,1.9,4.1,2.4,3.9,8.8,8.6,6.4
2022-12-14,3.871428571428571,4.3,3.1,2.7,3.4,3.0,7.9,2.7
2022-12-15,7.228571428571429,3.9,7.8,7.9,6.5,5.5,9.5,9.5
2022-12-16,1.3142857142857143,0.2,1.6,1.6,2.1,3.0,0.6,0.1
2022-12-17,0.0,0.0,0.0,0.0,0.0,0.0,0.0,0.0
2022-12-18,2.357142857142857,0.9,1.3,0.4,1.5,1.8,8.0,2.6
2022-12-19,5.3428571428571425,4.6,7.8,0.3,5.3,6.0,9.3,4.1
2022-12-20,7.042857142857143,4.8,6.1,5.2,7.8,6.3,9.6,9.5
2022-12-21,0.05714285714285715,0.0,0.0,0.0,0.0,0.0,0.3,0.1
2022-12-22,3.242857142857143,2.4,5.8,0.9,2.9,3.3,6.1,1.3
2022-12-23,3.9142857142857146,1.1,1.5,1.0,4.8,4.4,8.8,5.8
2022-12-24,2.7857142857142856,0.1,1.7,0.7,0.9,5.6,9.6,0.9
2022-12-25,5.442857142857143,4.7,5.2,3.7,2.7,5.3,9.7,6.8
2022-12-26,8.542857142857144,8.0,8.8,7.3,8.8,7.7,9.7,9.5
2022-12-27,8.6,7.9,9.5,7.9,9.5,7.0,8.8,9.6
2022-12-28,3.5714285714285716,2.5,3.8,2.3,2.4,5.5,5.0,3.5
2022-12-29,7.028571428571428,2.6,6.6,7.0,9.1,6.5,9.6,7.8
2022-12-30,3.8142857142857145,1.9,6.7,5.3,4.6,5.5,2.1,0.6
2022-12-31,6.3,4.3,6.8,2.5,3.1,9.2,9.6,8.6
2023-01-01,7.9,6.2,7.5,7.1,7.1,9.3,9.6,8.5
2023-01-02,8.028571428571428,8.9,9.4,7.7,7.8,8.8,7.0,6.6
2023-01-03,8.6,8.7,9.7,7.4,9.1,8.8,9.2,7.3
2023-01-04,9.185714285714285,8.3,9.4,8.3,9.5,9.3,9.8,9.7
2023-01-05,7.971428571428571,6.9,7.8,6.4,8.4,8.6,9.4,8.3
2023-01-06,3.1714285714285717,4.9,3.9,0.2,2.0,5.6,5.0,0.6
2023-01-07,4.428571428571429,3.4,5.6,4.0,3.4,3.2,7.9,3.5
2023-01-08,9.142857142857142,9.0,9.2,8.5,9.3,9.2,9.4,9.4
2023-01-09,7.7,4.9,8.3,6.9,7.7,9.0,9.4,7.7
2023-01-10,8.6,7.5,9.2,8.8,9.6,6.3,9.5,9.3
2023-01-11,8.585714285714285,7.9,8.7,6.7,8.7,9.4,9.4,9.3
2023-01-12,1.8857142857142857,0.7,0.6,0.1,0.4,0.2,7.1,4.1
2023-01-13,0.0,0.0,0.0,0.0,0.0,0.0,0.0,0.0
2023-01-14,0.014285714285714287,0.0,0.1,0.0,0.0,0.0,0.0,0.0
2023-01-15,0.3,0.3,0.1,0.3,0.6,0.6,0.0,0.2
2023-01-16,4.0,0.8,6.2,5.3,1.8,1.6,9.1,3.2
2023-01-17,2.9285714285714284,0.7,1.6,0.6,2.7,4.6,6.0,4.3
2023-01-18,2.357142857142857,0.3,1.0,2.6,0.2,1.5,8.4,2.5
2023-01-19,1.8000000000000003,0.0,0.1,0.1,0.2,5.4,3.6,3.2
2023-01-20,3.4142857142857146,1.9,1.5,0.8,2.2,4.7,7.1,5.7
2023-01-21,8.742857142857142,8.3,9.0,8.8,9.6,9.4,9.2,6.9
2023-01-22,1.457142857142857,0.8,0.9,0.0,1.6,3.7,2.0,1.2
2023-01-23,4.0285714285714285,5.2,7.6,8.3,4.4,0.0,0.9,1.8
2023-01-24,2.442857142857143,2.8,2.3,0.2,2.5,2.5,6.5,0.3
2023-01-25,7.328571428571428,2.5,8.3,4.8,7.5,8.2,10.1,9.9
2023-01-26,2.2714285714285714,0.0,0.2,1.2,1.0,0.9,7.1,5.5
2023-01-27,1.657142857142857,1.3,1.2,1.2,2.3,1.8,2.3,1.5
2023-01-28,4.2,1.4,5.7,1.5,6.1,3.5,10.1,1.1
2023-01-29,1.6857142857142855,0.1,2.3,0.2,1.9,2.8,3.4,1.1
2023-01-30,8.842857142857143,8.4,9.8,8.1,8.3,8.8,10.1,8.4
2023-01-31,9.385714285714286,9.1,10.0,7.1,10.2,9.9,10.2,9.2
2023-02-01,4.514285714285714,6.1,5.5,3.6,1.3,3.3,5.9,5.9
2023-02-02,5.414285714285714,2.5,5.1,7.3,6.5,3.4,5.5,7.6
2023-02-03,2.771428571428572,3.7,2.8,4.5,2.4,2.7,1.5,1.8
2023-02-04,6.728571428571429,7.9,7.8,8.5,7.3,7.4,5.1,3.1
2023-02-05,8.814285714285713,9.7,10.2,9.2,10.3,10.1,7.8,4.4
2023-02-06,0.0,0.0,0.0,0.0,0.0,0.0,0.0,0.0
2023-02-07,0.17142857142857146,0.2,0.1,0.8,0.0,0.0,0.0,0.1
2023-02-08,9.171428571428573,8.3,9.4,9.3,9.6,9.8,8.2,9.6
2023-02-09,2.628571428571429,4.9,3.7,1.1,3.6,3.8,1.1,0.2
2023-02-10,0.39999999999999997,0.0,0.3,1.4,0.0,0.0,0.1,1.0
2023-02-11,2.7857142857142856,2.9,2.6,3.3,3.7,5.2,1.1,0.7
2023-02-12,5.642857142857143,6.5,7.2,5.5,6.4,6.7,1.8,5.4
2023-02-13,0.014285714285714287,0.0,0.0,0.0,0.0,0.0,0.0,0.1
2023-02-14,6.114285714285715,3.4,4.4,6.5,6.1,3.0,9.3,10.1
2023-02-15,6.6571428571428575,3.2,6.3,7.6,8.3,1.6,9.6,10.0
2023-02-16,9.928571428571429,10.4,10.7,9.5,10.6,7.2,10.5,10.6
2023-02-17,3.3000000000000003,1.1,1.2,1.2,2.2,4.7,7.6,5.1
2023-02-18,1.1428571428571428,0.0,0.0,0.0,0.2,1.5,5.0,1.3
2023-02-19,1.2,1.2,0.8,0.0,0.8,2.0,3.3,0.3
2023-02-20,8.4,9.4,10.4,9.1,9.7,9.5,6.5,4.2
2023-02-21,5.1000000000000005,2.2,2.1,2.0,6.0,5.4,7.5,10.5
2023-02-22,5.685714285714285,8.8,4.4,0.2,2.4,8.5,8.2,7.3
2023-02-23,0.9,5.1,1.0,0.0,0.0,0.2,0.0,0.0
2023-02-24,1.1,2.3,2.1,2.7,0.5,0.1,0.0,0.0
2023-02-25,5.828571428571429,1.7,4.4,7.3,5.8,3.3,10.6,7.7
2023-02-26,9.142857142857142,8.5,8.1,8.5,10.7,6.7,10.5,11.0
2023-02-27,10.742857142857144,10.5,11.1,9.9,10.9,10.8,11.0,11.0
2023-02-28,10.528571428571427,9.8,10.7,9.6,10.9,10.8,10.9,11.0
2023-03-01,3.4285714285714284,0.0,1.7,0.1,3.5,5.3,7.1,6.3
2023-03-02,10.014285714285714,9.3,10.8,9.8,10.6,8.5,10.8,10.3
2023-03-03,10.157142857142857,10.3,10.7,9.7,10.9,10.7,9.8,9.0
2023-03-04,4.671428571428571,9.0,5.5,6.5,3.7,4.6,0.0,3.4
2023-03-05,10.514285714285714,10.6,11.0,10.0,10.9,10.4,10.5,10.2
2023-03-06,10.257142857142856,10.6,11.0,9.7,10.9,10.8,9.6,9.2
2023-03-07,10.357142857142858,10.2,10.2,9.6,10.8,10.6,10.7,10.4
2023-03-08,9.328571428571431,9.3,8.9,7.4,9.3,9.7,10.6,10.1
2023-03-09,1.0714285714285714,3.4,1.2,1.5,0.2,1.0,0.2,0.0
2023-03-10,9.37142857142857,9.8,8.5,8.9,8.6,9.9,10.4,9.5
2023-03-11,8.999999999999998,8.1,9.2,8.2,9.2,8.4,10.4,9.5
2023-03-12,3.9714285714285715,1.6,3.0,1.4,5.3,5.9,4.9,5.7
2023-03-13,9.214285714285714,8.6,10.9,9.8,9.3,9.7,8.3,7.9
2023-03-14,11.171428571428573,10.8,11.5,10.4,11.4,11.3,11.6,11.2
2023-03-15,8.485714285714286,8.2,8.7,7.4,10.0,9.0,6.7,9.4
2023-03-16,3.2857142857142856,2.2,2.3,0.2,3.5,1.7,7.6,5.5
2023-03-17,0.2285714285714286,0.3,0.5,0.3,0.2,0.0,0.0,0.3
2023-03-18,4.514285714285714,3.7,4.1,6.0,3.6,2.6,4.2,7.4
2023-03-19,10.557142857142855,10.7,10.9,9.5,10.7,11.0,11.3,9.8
2023-03-20,3.257142857142857,4.8,4.3,2.5,4.7,5.1,0.8,0.6
2023-03-21,0.0,0.0,0.0,0.0,0.0,0.0,0.0,0.0
2023-03-22,3.8285714285714283,6.9,7.0,4.0,5.9,0.0,0.0,3.0
2023-03-23,0.7142857142857143,0.0,0.0,0.0,0.1,2.7,1.9,0.3
2023-03-24,0.4714285714285715,0.0,0.0,0.6,0.0,0.0,2.7,0.0
2023-03-25,2.914285714285714,4.5,4.0,5.5,4.2,1.5,0.0,0.7
2023-03-26,0.7714285714285715,0.3,1.2,2.5,0.9,0.4,0.0,0.1
2023-03-27,7.999999999999999,8.1,5.3,8.9,8.9,5.9,9.0,9.9
2023-03-28,11.171428571428573,11.6,11.6,10.9,11.1,11.4,10.8,10.8
2023-03-29,10.428571428571429,10.5,10.5,10.2,10.9,10.2,10.2,10.5
2023-03-30,2.2142857142857144,7.3,2.3,0.5,1.5,3.0,0.9,0.0
2023-03-31,4.7,8.0,7.1,6.2,4.3,6.2,0.0,1.1
2023-04-01,8.22857142857143,10.3,9.6,10.3,10.2,9.0,5.7,2.5
2023-04-02,8.899999999999999,11.6,11.1,10.9,11.2,8.8,3.3,5.4
2023-04-03,11.271428571428572,11.9,11.8,10.9,11.8,11.9,10.5,10.1
2023-04-04,6.1,5.3,5.6,6.2,6.8,6.8,7.2,4.8
2023-04-05,0.014285714285714287,0.0,0.0,0.0,0.0,0.0,0.0,0.1
2023-04-06,0.08571428571428572,0.0,0.0,0.0,0.0,0.6,0.0,0.0
2023-04-07,4.0,5.3,5.3,4.4,2.8,2.2,4.4,3.6
2023-04-08,11.642857142857142,11.5,11.9,11.0,11.8,11.3,12.0,12.0
2023-04-09,11.914285714285715,12.0,12.1,11.0,11.8,12.1,12.2,12.2
2023-04-10,10.328571428571427,10.7,9.1,8.4,10.6,11.7,10.5,11.3
2023-04-11,5.928571428571428,5.3,4.1,6.0,7.9,8.3,6.1,3.8
2023-04-12,6.628571428571428,8.6,8.8,8.4,6.5,6.2,3.3,4.6
2023-04-13,11.371428571428572,11.3,11.5,10.9,11.6,11.3,11.5,11.5
2023-04-14,0.14285714285714285,0.0,0.0,0.0,0.0,0.7,0.3,0.0
2023-04-15,0.18571428571428572,0.0,0.0,0.0,0.0,0.1,1.0,0.2
2023-04-16,8.299999999999999,7.7,7.2,5.9,8.3,9.2,11.4,8.4
2023-04-17,11.471428571428573,11.5,11.5,10.7,11.7,11.5,11.7,11.7
2023-04-18,9.557142857142855,10.5,9.9,6.9,8.5,9.5,10.9,10.7
2023-04-19,0.557142857142857,1.1,0.0,0.0,0.0,1.2,0.4,1.2
2023-04-20,7.785714285714286,10.5,8.7,8.5,9.5,9.3,2.2,5.8
2023-04-21,2.357142857142857,3.3,4.3,2.3,2.1,3.9,0.5,0.1
2023-04-22,11.414285714285713,11.7,11.7,11.2,11.9,11.9,10.4,11.1
2023-04-23,9.714285714285714,8.4,8.9,9.1,9.9,9.1,11.6,11.0
2023-04-24,0.014285714285714287,0.0,0.0,0.0,0.0,0.0,0.0,0.1
2023-04-25,0.0,0.0,0.0,0.0,0.0,0.0,0.0,0.0
2023-04-26,8.771428571428572,9.3,10.0,9.3,6.8,8.3,7.6,10.1
2023-04-27,10.785714285714286,11.4,11.5,10.1,10.4,9.5,11.3,11.3
2023-04-28,8.042857142857143,8.2,6.4,5.4,9.3,10.1,7.6,9.3
2023-04-29,0.0,0.0,0.0,0.0,0.0,0.0,0.0,0.0
2023-04-30,4.685714285714285,8.0,6.9,5.9,4.3,4.4,2.2,1.1
2023-05-01,12.37142857142857,12.4,12.6,11.7,12.4,12.2,12.7,12.6
2023-05-02,12.171428571428573,12.3,12.3,11.3,12.3,12.4,12.4,12.2
2023-05-03,8.514285714285714,8.2,8.2,7.4,7.5,11.0,7.7,9.6
2023-05-04,0.2571428571428571,1.2,0.0,0.0,0.0,0.6,0.0,0.0
2023-05-05,2.2714285714285714,2.4,0.3,1.0,4.5,3.1,1.7,2.9
2023-05-06,0.04285714285714286,0.0,0.0,0.0,0.0,0.3,0.0,0.0
2023-05-07,0.0,0.0,0.0,0.0,0.0,0.0,0.0,0.0
2023-05-08,8.9,9.0,8.0,7.8,10.5,9.1,9.1,8.8
2023-05-09,12.342857142857142,12.4,12.9,12.1,12.5,12.9,12.3,11.3
2023-05-10,11.87142857142857,12.2,12.4,11.3,11.5,12.3,11.1,12.3
2023-05-11,10.314285714285715,10.8,12.2,10.2,10.6,11.4,9.4,7.6
2023-05-12,8.014285714285714,9.5,7.6,5.2,8.1,9.6,8.4,7.7
2023-05-13,0.0,0.0,0.0,0.0,0.0,0.0,0.0,0.0
2023-05-14,8.614285714285714,9.4,7.8,10.2,8.3,7.6,7.8,9.2
2023-05-15,12.157142857142857,12.6,12.8,11.5,11.5,12.6,11.8,12.3
2023-05-16,12.471428571428573,12.6,12.4,12.1,12.5,12.8,12.5,12.4
2023-05-17,10.37142857142857,10.6,8.8,10.0,10.8,11.8,11.0,9.6
2023-05-18,0.028571428571428574,0.0,0.0,0.0,0.1,0.1,0.0,0.0
2023-05-19,0.6285714285714284,0.0,0.5,0.3,0.3,1.2,1.8,0.3
2023-05-20,7.714285714285714,5.3,5.8,10.8,12.6,5.6,8.2,5.7
2023-05-21,12.114285714285714,13.0,12.6,11.0,12.6,12.8,11.5,11.3
2023-05-22,5.1571428571428575,3.6,4.2,4.0,3.0,7.0,8.1,6.2
2023-05-23,11.114285714285714,11.5,11.4,12.0,10.2,10.9,9.4,12.4
2023-05-24,10.9,11.2,10.5,9.5,10.7,11.9,11.6,10.9
2023-05-25,3.0714285714285716,0.9,1.3,1.2,1.0,2.9,4.3,9.9
2023-05-26,5.714285714285714,0.7,2.3,1.3,8.8,4.7,9.6,12.6
2023-05-27,7.328571428571429,8.9,8.1,7.3,6.3,7.7,4.1,8.9
2023-05-28,3.0285714285714285,2.7,3.8,1.9,5.3,2.1,0.0,5.4
2023-05-29,2.9142857142857146,0.6,0.1,0.9,1.4,3.5,10.3,3.6
2023-05-30,0.9000000000000001,0.0,0.0,0.0,0.0,0.0,3.6,2.7
2023-05-31,2.5714285714285716,5.7,6.5,3.5,1.8,0.0,0.0,0.5
2023-06-01,0.8714285714285713,2.0,2.2,0.6,1.1,0.1,0.0,0.1
2023-06-02,2.142857142857143,3.9,4.4,4.1,1.5,0.0,0.0,1.1
2023-06-03,13.014285714285714,13.0,13.4,12.6,13.0,13.3,12.7,13.1
2023-06-04,9.314285714285715,6.1,8.2,8.3,9.4,9.0,13.2,11.0
2023-06-05,0.38571428571428573,0.0,0.0,0.0,0.0,0.2,1.1,1.4
2023-06-06,0.014285714285714287,0.0,0.0,0.1,0.0,0.0,0.0,0.0
2023-06-07,8.971428571428572,10.2,10.5,9.7,8.5,10.6,6.2,7.1
2023-06-08,0.0,0.0,0.0,0.0,0.0,0.0,0.0,0.0
2023-06-09,4.671428571428571,6.4,5.4,6.6,5.5,5.8,1.4,1.6
2023-06-10,0.8428571428571429,3.7,1.7,0.1,0.0,0.4,0.0,0.0
2023-06-11,1.8571428571428572,3.6,5.2,2.3,1.7,0.2,0.0,0.0
2023-06-12,4.557142857142858,8.6,7.2,7.9,5.0,1.6,0.1,1.5
2023-06-13,1.3714285714285714,3.9,1.8,1.4,0.0,0.7,1.1,0.7
2023-06-14,0.37142857142857144,0.6,0.4,0.3,0.2,0.5,0.1,0.5
2023-06-15,7.257142857142857,10.3,5.7,9.8,8.7,5.8,3.9,6.6
2023-06-16,10.014285714285716,12.9,10.8,9.7,9.6,12.5,6.8,7.8
2023-06-17,8.542857142857144,11.4,10.2,11.3,11.2,9.5,6.2,0.0
2023-06-18,0.5714285714285714,2.6,0.4,0.9,0.1,0.0,0.0,0.0
2023-06-19,11.700000000000001,10.0,12.5,11.6,12.2,12.7,12.9,10.0
2023-06-20,6.542857142857144,7.7,7.0,8.3,4.6,6.2,5.4,6.6
2023-06-21,0.21428571428571433,0.8,0.0,0.4,0.1,0.2,0.0,0.0
2023-06-22,8.585714285714285,7.8,6.8,7.2,9.6,9.1,11.7,7.9
2023-06-23,3.4857142857142853,8.2,1.4,0.7,3.1,1.4,6.9,2.7
2023-06-24,3.4571428571428564,4.2,3.9,4.1,3.6,5.8,2.2,0.4
2023-06-25,0.07142857142857142,0.3,0.0,0.0,0.0,0.2,0.0,0.0
2023-06-26,3.3857142857142857,1.4,1.3,2.0,4.5,3.9,6.1,4.5
2023-06-27,5.628571428571429,1.2,2.5,6.4,6.4,7.7,8.0,7.2
2023-06-28,2.685714285714286,1.8,2.0,0.8,1.4,2.5,6.0,4.3
2023-06-29,2.757142857142857,1.9,0.5,1.9,1.5,4.2,5.9,3.4
2023-06-30,0.3,0.1,0.0,0.0,0.0,0.0,1.7,0.3
2023-07-01,0.042857142857142864,0.1,0.0,0.0,0.0,0.1,0.1,0.0
2023-07-02,4.5,6.5,1.7,2.2,6.1,9.6,5.0,0.4
2023-07-03,1.2142857142857142,3.5,1.3,0.0,0.8,2.9,0.0,0.0
2023-07-04,1.842857142857143,1.9,1.5,0.2,2.7,5.7,0.9,0.0
2023-07-05,0.9714285714285714,3.4,0.6,0.0,0.2,0.8,1.6,0.2
2023-07-06,9.528571428571428,12.1,9.9,10.6,11.3,11.9,7.7,3.2
2023-07-07,1.5142857142857145,0.5,0.3,0.2,0.3,2.5,3.1,3.7
2023-07-08,1.6285714285714286,0.1,0.0,0.0,0.0,2.5,6.7,2.1
2023-07-09,2.085714285714286,0.3,0.0,0.0,0.1,1.8,8.3,4.1
2023-07-10,4.0285714285714285,2.7,1.0,1.1,2.1,2.9,11.1,7.3
2023-07-11,8.514285714285716,9.7,8.4,6.3,8.8,12.0,8.7,5.7
2023-07-12,3.3857142857142857,3.7,1.6,2.4,0.1,1.5,8.1,6.3
2023-07-13,4.928571428571429,2.8,2.9,5.6,3.0,3.8,10.4,6.0
2023-07-14,0.3,0.0,0.0,0.0,0.0,0.3,1.4,0.4
2023-07-15,5.3428571428571425,7.0,4.8,5.0,4.7,3.9,7.7,4.3
2023-07-16,11.6,10.5,12.8,10.2,12.7,10.6,11.8,12.6
2023-07-17,11.828571428571427,10.4,12.2,12.2,12.1,11.1,12.3,12.5
2023-07-18,9.12857142857143,5.9,8.4,9.4,10.7,9.7,10.1,9.7
2023-07-19,3.471428571428571,1.7,3.7,2.8,5.1,4.0,4.4,2.6
2023-07-20,2.0142857142857142,3.3,2.0,1.1,0.9,2.7,3.1,1.0
2023-07-21,2.9857142857142853,8.9,3.4,0.3,0.2,5.6,0.9,1.6
2023-07-22,4.285714285714286,3.3,5.5,2.6,7.9,6.0,2.9,1.8
2023-07-23,6.314285714285714,4.6,7.4,5.8,7.0,7.0,4.0,8.4
2023-07-24,6.557142857142858,5.0,6.2,6.2,7.8,8.4,6.7,5.6
2023-07-25,8.0,7.3,8.8,6.7,7.5,8.6,6.0,11.1
2023-07-26,11.285714285714286,12.5,11.7,11.7,8.9,11.8,10.0,12.4
2023-07-27,10.328571428571427,9.3,11.4,10.5,9.7,9.1,9.7,12.6
2023-07-28,11.114285714285714,10.8,10.6,11.3,11.4,12.5,9.9,11.3
2023-07-29,8.357142857142858,8.1,8.2,6.4,9.3,8.8,8.7,9.0
2023-07-30,6.385714285714287,11.0,7.8,4.4,4.6,7.2,3.1,6.6
2023-07-31,2.1714285714285717,3.9,3.0,2.5,1.8,2.1,0.9,1.0
2023-08-01,6.914285714285714,8.0,8.6,8.8,8.4,8.4,2.4,3.8
2023-08-02,7.671428571428572,9.1,9.1,9.4,5.5,7.6,4.4,8.6
2023-08-03,8.057142857142859,10.0,9.6,11.1,6.7,7.4,7.1,4.5
2023-08-04,8.6,10.1,11.5,11.0,7.8,6.7,3.9,9.2
2023-08-05,7.028571428571429,12.3,10.9,7.9,10.4,4.3,0.7,2.7
2023-08-06,6.214285714285715,11.4,11.4,10.1,4.7,4.2,1.2,0.5
2023-08-07,4.1571428571428575,5.9,6.0,8.3,4.0,1.5,2.3,1.1
2023-08-08,2.6000000000000005,3.3,3.2,3.4,2.6,4.0,0.1,1.6
2023-08-09,0.2285714285714286,0.3,0.9,0.0,0.4,0.0,0.0,0.0
2023-08-10,2.5285714285714285,3.2,1.8,3.2,2.3,2.7,3.6,0.9
2023-08-11,9.728571428571428,11.8,10.2,11.3,9.8,7.4,7.7,9.9
2023-08-12,9.27142857142857,7.6,8.4,9.8,9.2,8.5,10.8,10.6
2023-08-13,10.957142857142857,10.6,10.2,11.0,9.1,12.3,12.5,11.0
2023-08-14,11.428571428571429,11.3,12.4,10.8,9.7,12.5,11.7,11.6
2023-08-15,5.985714285714287,0.9,4.0,8.4,4.7,5.2,8.4,10.3
2023-08-16,5.914285714285714,4.9,7.1,6.1,6.8,9.1,0.1,7.3
2023-08-17,2.3285714285714287,1.1,1.4,0.2,3.0,3.3,5.1,2.2
2023-08-18,1.5857142857142856,2.6,1.9,3.0,0.3,0.4,0.0,2.9
2023-08-19,8.114285714285716,10.1,8.9,10.0,4.4,5.0,10.3,8.1
2023-08-20,8.842857142857143,8.2,7.9,9.3,7.6,8.6,11.3,9.0
2023-08-21,9.814285714285715,9.9,9.1,10.7,9.6,11.2,10.6,7.6
2023-08-22,8.87142857142857,10.6,9.3,10.4,9.8,10.4,3.4,8.2
2023-08-23,2.7428571428571433,2.7,2.5,6.9,0.0,0.3,3.5,3.3
2023-08-24,5.728571428571429,7.6,6.3,4.7,6.9,5.3,5.9,3.4
2023-08-25,2.3000000000000003,3.5,2.8,4.3,4.0,0.9,0.4,0.2
2023-08-26,7.857142857142857,8.8,7.1,7.5,6.9,7.2,8.1,9.4
2023-08-27,8.671428571428573,7.9,11.7,11.0,7.2,8.0,4.7,10.2
2023-08-28,10.442857142857141,9.9,10.1,10.0,11.5,10.1,9.4,12.1
2023-08-29,10.12857142857143,12.2,12.0,6.4,10.8,12.0,6.6,10.9
2023-08-30,4.114285714285715,5.5,6.7,4.5,4.9,1.9,2.8,2.5
2023-08-31,1.2571428571428573,2.8,2.2,2.5,0.6,0.3,0.0,0.4
2023-09-01,0.37142857142857144,0.0,0.0,0.0,0.0,0.1,2.5,0.0
2023-09-02,2.1285714285714286,0.6,1.1,0.2,0.9,0.6,4.9,6.6
2023-09-03,9.200000000000001,8.0,6.4,7.3,10.3,12.1,10.5,9.8
2023-09-04,11.299999999999999,11.2,12.0,10.5,10.3,12.1,11.4,11.6
2023-09-05,3.257142857142857,1.8,2.5,3.9,4.3,2.4,3.1,4.8
2023-09-06,6.9142857142857155,3.5,6.7,5.2,9.1,9.6,8.1,6.2
2023-09-07,11.071428571428571,10.5,12.0,11.0,11.7,11.8,11.7,8.8
2023-09-08,8.1,10.8,10.0,8.2,10.6,6.6,4.1,6.4
2023-09-09,10.0,10.1,9.9,10.8,9.8,11.2,9.9,8.3
2023-09-10,8.242857142857144,9.3,7.1,9.5,7.5,8.3,7.6,8.4
2023-09-11,8.442857142857141,10.8,6.7,7.3,9.5,6.0,8.9,9.9
2023-09-12,7.385714285714285,8.2,7.2,7.0,8.0,8.4,3.9,9.0
2023-09-13,3.0285714285714285,3.6,3.3,4.1,1.7,0.9,0.2,7.4
2023-09-14,0.6142857142857142,0.1,0.0,0.0,0.0,0.0,1.2,3.0
2023-09-15,5.500000000000001,1.7,3.6,2.7,8.1,6.6,8.1,7.7
2023-09-16,7.442857142857143,7.0,6.2,4.0,8.0,8.1,9.2,9.6
2023-09-17,4.3999999999999995,0.0,0.0,0.0,5.6,9.2,7.3,8.7
2023-09-18,5.214285714285714,5.2,4.2,6.5,4.8,3.9,6.7,5.2
2023-09-19,6.328571428571429,4.6,6.3,7.7,5.9,4.3,9.4,6.1
2023-09-20,5.985714285714287,3.6,1.8,6.2,7.3,6.2,8.1,8.7
2023-09-21,4.1,5.6,4.0,2.8,0.8,1.9,7.1,6.5
2023-09-22,2.085714285714286,0.0,0.1,0.2,0.6,0.2,6.6,6.9
2023-09-23,3.8857142857142857,3.0,3.5,6.0,7.7,2.8,0.2,4.0
2023-09-24,10.22857142857143,11.2,11.5,10.5,10.7,7.0,9.8,10.9
2023-09-25,4.0285714285714285,9.6,6.0,5.1,5.4,0.0,0.7,1.4
2023-09-26,5.471428571428571,3.3,6.6,7.0,5.6,6.0,2.4,7.4
2023-09-27,8.285714285714286,6.9,6.1,9.8,7.6,8.3,9.4,9.9
2023-09-28,6.871428571428572,7.3,6.1,7.2,2.5,4.4,10.1,10.5
2023-09-29,9.842857142857143,10.3,11.2,9.6,11.3,9.8,6.2,10.5
2023-09-30,7.771428571428572,5.6,6.0,7.7,8.9,7.3,9.1,9.8
2023-10-01,4.757142857142857,7.0,6.7,5.7,5.5,4.5,0.9,3.0
2023-10-02,9.042857142857143,8.3,9.1,8.9,9.5,9.3,9.4,8.8
2023-10-03,2.528571428571429,0.0,0.6,2.9,2.5,0.7,3.6,7.4
2023-10-04,4.571428571428571,7.8,5.2,7.4,5.4,4.2,1.1,0.9
2023-10-05,4.471428571428571,4.7,5.6,3.7,3.7,3.8,5.2,4.6
2023-10-06,7.942857142857143,3.7,5.8,7.8,9.2,7.9,10.8,10.4
2023-10-07,1.157142857142857,0.3,1.7,0.6,1.6,1.4,0.9,1.6
2023-10-08,0.0,0.0,0.0,0.0,0.0,0.0,0.0,0.0
2023-10-09,0.9857142857142855,0.3,2.5,1.9,2.1,0.1,0.0,0.0
2023-10-10,8.057142857142859,5.9,6.7,7.1,8.2,8.4,9.8,10.3
2023-10-11,7.985714285714287,9.5,10.1,9.6,8.7,7.7,4.9,5.4
2023-10-12,10.12857142857143,10.5,10.7,9.9,10.6,8.4,10.9,9.9
2023-10-13,5.285714285714286,8.9,8.0,4.7,6.8,5.6,1.7,1.3
2023-10-14,1.4857142857142858,2.8,2.0,4.0,0.0,0.0,0.0,1.6
2023-10-15,8.585714285714285,7.0,9.2,7.0,8.8,9.3,10.7,8.1
2023-10-16,9.200000000000001,9.9,9.7,8.6,7.6,9.6,9.4,9.6
2023-10-17,9.528571428571428,7.4,9.8,9.3,8.8,10.7,10.8,9.9
2023-10-18,10.2,10.4,10.6,9.9,10.7,10.5,9.1,10.2
2023-10-19,9.985714285714286,8.1,9.9,9.6,10.5,10.3,10.7,10.8
2023-10-20,1.1857142857142857,2.7,2.2,1.0,1.3,0.2,0.8,0.1
2023-10-21,10.114285714285714,9.6,10.6,9.6,10.7,9.0,10.8,10.5
2023-10-22,10.385714285714284,10.3,10.3,9.8,10.7,10.2,10.8,10.6
2023-10-23,9.971428571428572,8.7,10.6,9.0,10.7,9.6,10.6,10.6
2023-10-24,8.814285714285715,8.8,7.9,7.0,8.9,8.6,9.9,10.6
2023-10-25,10.242857142857144,10.4,9.8,9.6,10.6,10.5,10.3,10.5
2023-10-26,9.857142857142858,9.5,9.5,9.0,10.2,9.8,10.5,10.5
2023-10-27,6.542857142857144,6.5,7.1,5.0,6.6,6.1,7.6,6.9
2023-10-28,8.871428571428572,6.4,8.8,8.3,9.0,9.1,10.1,10.4
2023-10-29,8.157142857142857,5.2,7.8,5.6,9.2,8.5,10.4,10.4
2023-10-30,8.642857142857142,10.0,10.7,9.6,10.6,4.6,5.3,9.7
2023-10-31,9.942857142857141,9.9,10.4,9.5,10.5,10.3,9.1,9.9
2023-11-01,9.871428571428572,9.9,10.1,9.2,9.0,10.2,10.4,10.3
2023-11-02,10.028571428571428,9.9,10.1,9.4,10.4,10.1,10.3,10.0
2023-11-03,9.842857142857142,9.6,10.1,8.9,10.2,10.0,10.0,10.1
2023-11-04,6.657142857142857,1.5,5.0,8.2,9.3,8.8,6.9,6.9
2023-11-05,8.585714285714287,8.6,8.8,8.2,9.4,8.7,6.2,10.2
2023-11-06,0.7142857142857143,0.0,0.0,0.0,0.0,0.1,2.8,2.1
2023-11-07,7.6571428571428575,6.5,9.6,6.5,8.6,9.3,5.9,7.2
2023-11-08,8.571428571428571,9.5,9.4,8.2,9.2,9.0,7.0,7.7
2023-11-09,4.1,2.8,4.3,5.3,5.4,2.2,4.3,4.4
2023-11-10,0.08571428571428572,0.0,0.0,0.0,0.0,0.0,0.1,0.5
2023-11-11,6.285714285714286,4.5,7.6,7.5,7.9,8.6,4.6,3.3
2023-11-12,3.1285714285714286,1.6,2.5,2.7,2.6,1.7,6.3,4.5
2023-11-13,7.271428571428572,4.1,7.7,6.4,8.1,7.6,10.2,6.8
2023-11-14,7.914285714285714,6.3,7.1,5.4,10.1,9.2,7.2,10.1
2023-11-15,6.728571428571428,4.5,3.6,5.3,6.9,8.2,9.9,8.7
2023-11-16,1.3428571428571427,0.1,0.4,0.0,1.1,2.5,3.1,2.2
2023-11-17,2.757142857142857,0.9,4.5,0.9,0.3,4.6,5.8,2.3
2023-11-18,5.957142857142857,5.0,6.1,3.0,4.2,7.2,9.2,7.0
2023-11-19,6.528571428571429,4.9,5.7,3.0,6.9,9.8,9.9,5.5
2023-11-20,9.099999999999998,9.2,9.6,8.6,8.7,9.0,9.8,8.8
2023-11-21,9.27142857142857,9.3,9.7,7.2,9.7,9.7,9.8,9.5
2023-11-22,8.685714285714285,7.2,9.1,8.8,9.7,9.4,8.0,8.6
2023-11-23,7.214285714285714,6.9,6.4,5.2,6.0,8.2,9.4,8.4
2023-11-24,5.014285714285713,2.5,4.1,2.9,4.2,3.7,9.7,8.0
2023-11-25,8.8,4.9,9.7,8.8,9.8,8.7,9.8,9.9
2023-11-26,7.085714285714286,8.6,9.5,8.4,2.8,7.7,7.2,5.4
2023-11-27,6.299999999999999,3.7,6.0,5.1,7.5,5.4,7.7,8.7
2023-11-28,6.014285714285714,3.9,6.0,4.7,5.3,5.5,9.3,7.4
2023-11-29,5.171428571428572,1.9,4.6,4.1,7.5,6.1,5.3,6.7
2023-11-30,1.457142857142857,0.0,0.6,0.0,1.8,2.3,4.9,0.6
2023-12-01,1.4857142857142858,0.3,0.4,0.9,2.1,0.2,5.0,1.5
2023-12-02,8.628571428571428,7.0,9.1,6.3,9.7,9.2,9.3,9.8
2023-12-03,4.514285714285714,2.0,3.8,0.9,5.2,3.0,9.1,7.6
2023-12-04,7.985714285714286,7.9,8.3,6.9,8.8,9.2,8.0,6.8
2023-12-05,2.4714285714285715,3.8,5.2,5.8,1.9,0.0,0.3,0.3
2023-12-06,4.571428571428571,4.2,3.5,2.2,4.1,3.8,6.7,7.5
2023-12-07,8.514285714285714,8.4,7.3,8.2,8.6,9.0,9.5,8.6
2023-12-08,9.228571428571428,9.0,9.5,7.9,9.7,9.5,9.3,9.7
2023-12-09,3.828571428571429,7.2,3.6,3.5,3.0,5.4,1.8,2.3
2023-12-10,8.22857142857143,8.5,8.6,6.8,8.5,9.0,7.4,8.8
2023-12-11,0.04285714285714286,0.0,0.0,0.3,0.0,0.0,0.0,0.0
2023-12-12,0.8714285714285716,0.0,0.1,0.5,0.2,0.0,4.4,0.9
2023-12-13,8.857142857142858,8.9,9.6,7.2,9.5,9.4,8.2,9.2
2023-12-14,1.1285714285714286,0.5,0.3,0.2,1.0,2.0,2.2,1.7
2023-12-15,1.757142857142857,0.7,1.2,0.5,0.9,2.9,4.4,1.7
2023-12-16,0.3428571428571429,0.0,0.1,0.0,0.0,0.2,2.1,0.0
2023-12-17,2.4285714285714284,1.6,1.6,0.1,1.9,1.8,9.2,0.8
2023-12-18,2.857142857142857,0.0,0.3,0.0,5.6,3.6,6.5,4.0
2023-12-19,0.0,0.0,0.0,0.0,0.0,0.0,0.0,0.0
2023-12-20,1.442857142857143,1.0,0.5,0.0,0.6,1.4,3.4,3.2
2023-12-21,1.4714285714285715,0.0,0.2,0.1,0.1,1.3,7.2,1.4
2023-12-22,4.6571428571428575,3.7,4.3,0.3,5.9,5.6,8.0,4.8
2023-12-23,3.757142857142857,1.1,1.1,0.0,3.6,6.9,9.1,4.5
2023-12-24,4.214285714285714,0.3,1.1,2.2,5.5,6.3,6.3,7.8
2023-12-25,2.942857142857143,0.6,1.2,0.0,1.9,2.7,8.3,5.9
2023-12-26,3.5857142857142854,0.3,1.1,1.1,1.1,9.4,9.7,2.4
2023-12-27,8.500000000000002,8.6,8.8,7.8,8.9,9.0,8.3,8.1
2023-12-28,6.728571428571429,4.9,6.5,7.1,8.7,9.1,5.6,5.2
2023-12-29,8.814285714285715,8.0,9.2,8.1,9.2,8.2,9.5,9.5
2023-12-30,3.114285714285714,5.3,3.2,3.0,3.3,4.7,1.9,0.4
2023-12-31,4.485714285714286,2.0,4.3,1.9,4.7,4.8,8.7,5.0
2024-01-01,5.571428571428571,1.5,1.8,3.2,8.8,4.7,9.4,9.6
2024-01-02,8.514285714285714,6.0,8.0,8.0,9.5,9.3,9.5,9.3
2024-01-03,0.14285714285714285,0.2,0.0,0.0,0.0,0.0,0.7,0.1
2024-01-04,8.971428571428572,7.7,9.2,8.5,9.4,8.9,9.6,9.5
2024-01-05,6.328571428571428,4.1,2.2,0.9,8.6,9.5,9.5,9.5
2024-01-06,3.742857142857143,4.0,4.8,4.0,2.1,1.5,5.3,4.5
2024-01-07,4.071428571428571,3.5,3.7,1.3,2.5,6.3,9.6,1.6
2024-01-08,8.1,6.7,8.6,7.7,9.0,6.8,9.2,8.7
2024-01-09,4.985714285714286,4.3,5.9,3.8,4.6,8.5,4.5,3.3
2024-01-10,1.3142857142857143,1.5,1.5,0.6,0.6,1.0,0.8,3.2
2024-01-11,6.871428571428572,5.5,5.6,4.1,6.0,8.7,9.8,8.4
2024-01-12,3.5,0.9,3.7,0.1,0.2,6.6,9.4,3.6
2024-01-13,9.328571428571427,9.1,9.6,8.8,9.3,9.4,9.6,9.5
2024-01-14,9.428571428571429,9.1,9.6,8.7,9.8,9.5,9.7,9.6
2024-01-15,6.742857142857143,5.0,7.2,7.6,7.4,4.6,9.2,6.2
2024-01-16,8.799999999999999,6.3,8.6,8.8,9.7,8.4,9.9,9.9
2024-01-17,8.185714285714285,5.0,6.2,8.1,9.4,9.3,9.8,9.5
2024-01-18,0.5285714285714286,0.3,0.8,0.1,0.9,1.2,0.4,0.0
2024-01-19,0.1285714285714286,0.0,0.0,0.0,0.6,0.0,0.2,0.1
2024-01-20,0.9285714285714286,0.0,0.1,0.5,3.5,0.0,0.0,2.4
2024-01-21,3.3571428571428568,1.4,2.1,4.6,1.7,1.7,4.3,7.7
2024-01-22,2.414285714285714,1.3,0.9,0.0,1.3,4.3,6.3,2.8
2024-01-23,2.342857142857143,1.0,0.7,0.1,1.0,4.4,7.1,2.1
2024-01-24,4.171428571428572,3.8,2.8,0.8,2.8,6.4,9.9,2.7
2024-01-25,6.985714285714287,7.4,9.8,3.5,8.8,8.9,10.1,0.4
2024-01-26,8.814285714285715,6.8,8.7,8.0,9.0,9.5,10.1,9.6
2024-01-27,6.157142857142857,2.1,5.4,0.1,8.0,8.8,10.0,8.7
2024-01-28,3.785714285714285,1.3,4.8,4.8,4.4,2.3,5.6,3.3
2024-01-29,8.500000000000002,6.4,8.3,6.0,9.3,9.9,10.0,9.6
2024-01-30,1.6142857142857143,2.8,1.9,0.4,1.4,3.4,0.4,1.0
2024-01-31,0.6714285714285715,0.0,0.0,0.1,1.4,0.0,0.0,3.2
2024-02-01,0.028571428571428574,0.0,0.0,0.0,0.0,0.0,0.2,0.0
2024-02-02,1.5857142857142859,5.3,3.1,1.3,1.1,0.3,0.0,0.0
2024-02-03,0.05714285714285715,0.0,0.0,0.1,0.3,0.0,0.0,0.0
2024-02-04,1.5714285714285714,2.9,3.9,3.6,0.6,0.0,0.0,0.0
2024-02-05,1.2,0.0,0.2,0.2,0.3,0.1,5.4,2.2
2024-02-06,5.728571428571428,3.7,2.5,4.2,6.8,6.7,8.4,7.8
2024-02-07,2.4428571428571426,0.1,2.5,3.8,2.3,0.5,4.7,3.2
2024-02-08,5.871428571428572,6.9,8.5,5.7,6.3,3.3,4.8,5.6
2024-02-09,6.057142857142858,4.5,6.5,1.9,8.5,7.5,9.3,4.2
2024-02-10,7.000000000000001,6.6,7.9,6.9,6.3,5.0,10.2,6.1
2024-02-11,6.442857142857142,6.3,6.1,5.2,5.6,8.6,9.3,4.0
2024-02-12,10.0,9.2,10.2,9.6,10.3,9.9,10.4,10.4
2024-02-13,7.299999999999999,8.3,7.0,1.5,7.6,9.1,9.8,7.8
2024-02-14,2.0571428571428574,1.1,1.1,0.0,1.0,3.3,4.4,3.5
2024-02-15,2.4857142857142853,1.7,0.6,1.5,2.8,2.3,4.4,4.1
2024-02-16,5.371428571428573,2.7,5.8,8.7,7.9,6.3,2.0,4.2
2024-02-17,10.057142857142859,10.4,10.8,9.6,10.6,9.2,9.9,9.9
2024-02-18,8.371428571428572,8.9,7.9,4.8,9.2,10.2,10.2,7.4
2024-02-19,1.1142857142857143,1.6,0.8,0.3,1.6,2.1,1.0,0.4
2024-02-20,1.1857142857142855,0.0,0.1,0.2,2.8,0.0,2.1,3.1
2024-02-21,0.14285714285714285,0.0,0.0,0.0,0.0,0.0,0.9,0.1
2024-02-22,0.028571428571428574,0.0,0.0,0.0,0.0,0.0,0.2,0.0
2024-02-23,0.32857142857142857,0.4,0.2,0.1,0.3,1.3,0.0,0.0
2024-02-24,3.142857142857143,6.8,6.1,2.5,4.6,1.2,0.1,0.7
2024-02-25,3.142857142857143,4.0,6.0,5.4,2.9,3.2,0.3,0.2
2024-02-26,5.485714285714287,2.4,3.8,4.9,4.7,5.4,6.9,10.3
2024-02-27,7.3571428571428585,2.2,5.1,9.2,10.3,8.3,10.8,5.6
2024-02-28,6.357142857142857,6.6,6.6,4.9,6.6,7.3,7.4,5.1
2024-02-29,0.0,0.0,0.0,0.0,0.0,0.0,0.0,0.0
2024-03-01,7.014285714285714,2.9,8.9,7.6,6.5,5.6,10.7,6.9
2024-03-02,8.428571428571429,8.6,8.9,8.4,6.6,9.6,10.2,6.7
2024-03-03,5.200000000000001,1.2,4.5,2.6,4.7,6.3,9.9,7.2
2024-03-04,6.157142857142857,5.4,5.1,3.8,4.6,8.3,9.1,6.8
2024-03-05,0.0,0.0,0.0,0.0,0.0,0.0,0.0,0.0
2024-03-06,1.6714285714285713,1.2,1.5,1.3,5.4,0.0,0.0,2.3
2024-03-07,6.885714285714285,2.3,4.3,6.6,8.7,7.1,8.8,10.4
2024-03-08,9.1,8.4,9.7,8.2,9.4,7.6,10.9,9.5
2024-03-09,9.185714285714285,5.0,9.0,9.7,9.9,10.2,11.2,9.3
2024-03-10,10.700000000000001,10.8,11.1,10.3,11.2,11.1,9.0,11.4
2024-03-11,6.885714285714286,6.9,6.9,5.3,8.1,9.2,6.5,5.3
2024-03-12,5.200000000000001,4.4,4.2,5.4,4.7,2.3,7.5,7.9
2024-03-13,10.214285714285712,10.6,9.2,8.8,9.5,11.1,11.2,11.1
2024-03-14,8.885714285714286,8.4,10.7,9.3,8.2,9.6,9.0,7.0
2024-03-15,11.071428571428573,10.8,11.3,10.3,11.3,11.2,11.4,11.2
2024-03-16,10.700000000000001,11.0,11.1,8.9,11.0,11.2,11.4,10.3
2024-03-17,0.2857142857142857,0.0,0.3,0.9,0.0,0.0,0.8,0.0
2024-03-18,9.914285714285715,8.9,10.4,9.5,10.7,9.0,10.2,10.7
2024-03-19,2.157142857142857,3.6,3.0,3.8,2.0,1.9,0.3,0.5
2024-03-20,8.0,6.2,7.9,6.8,8.3,5.7,11.3,9.8
2024-03-21,8.557142857142857,9.1,9.0,9.8,5.9,3.5,11.7,10.9
2024-03-22,10.285714285714286,11.0,10.6,9.8,10.3,10.8,9.1,10.4
2024-03-23,0.24285714285714288,0.1,0.0,0.0,0.0,1.6,0.0,0.0
2024-03-24,0.014285714285714287,0.0,0.0,0.1,0.0,0.0,0.0,0.0
2024-03-25,0.0,0.0,0.0,0.0,0.0,0.0,0.0,0.0
2024-03-26,3.2714285714285714,0.0,1.0,2.9,1.5,2.8,10.5,4.2
2024-03-27,9.657142857142858,7.7,8.5,9.6,10.6,10.8,11.5,8.9
2024-03-28,0.0,0.0,0.0,0.0,0.0,0.0,0.0,0.0
2024-03-29,10.728571428571428,11.3,11.3,9.7,10.5,10.1,10.9,11.3
2024-03-30,6.185714285714285,6.0,3.9,4.8,5.5,7.4,8.4,7.3
2024-03-31,3.0142857142857147,1.6,0.1,0.0,3.0,5.7,6.1,4.6
2024-04-01,11.014285714285714,10.3,11.8,10.4,10.9,11.6,11.5,10.6
2024-04-02,1.0571428571428572,0.5,0.0,0.0,0.0,0.9,3.1,2.9
2024-04-03,0.24285714285714285,0.0,0.0,0.0,0.0,0.0,1.7,0.0
2024-04-04,1.9857142857142855,0.0,1.6,2.5,0.4,6.1,3.3,0.0
2024-04-05,1.9571428571428573,4.5,3.4,2.4,1.9,1.3,0.0,0.2
2024-04-06,0.7000000000000001,3.4,1.5,0.0,0.0,0.0,0.0,0.0
2024-04-07,1.7142857142857142,7.4,3.0,1.1,0.0,0.2,0.0,0.3
2024-04-08,0.07142857142857142,0.0,0.0,0.0,0.4,0.0,0.0,0.1
2024-04-09,7.328571428571429,3.2,5.1,10.1,8.2,4.4,8.7,11.6
2024-04-10,11.457142857142856,11.8,11.8,11.2,11.3,11.9,11.6,10.6
2024-04-11,0.7142857142857143,0.5,0.5,0.0,1.7,2.2,0.0,0.1
2024-04-12,5.6000000000000005,9.1,7.8,4.1,6.7,9.3,1.7,0.5
2024-04-13,7.7,11.7,10.6,9.2,7.0,7.0,5.0,3.4
2024-04-14,8.22857142857143,9.9,9.2,7.9,9.2,9.4,4.9,7.1
2024-04-15,0.1857142857142857,0.7,0.0,0.6,0.0,0.0,0.0,0.0
2024-04-16,6.114285714285715,5.7,7.9,3.1,9.8,8.1,3.2,5.0
2024-04-17,5.999999999999999,8.4,7.3,4.2,5.2,7.0,4.5,5.4
2024-04-18,8.17142857142857,8.6,9.1,9.7,8.3,7.3,6.3,7.9
2024-04-19,10.128571428571428,10.4,9.6,8.4,10.1,10.8,10.3,11.3
2024-04-20,0.31428571428571433,0.6,0.0,0.0,0.0,0.9,0.7,0.0
2024-04-21,0.14285714285714285,0.4,0.0,0.0,0.2,0.1,0.3,0.0
2024-04-22,0.35714285714285715,0.0,0.0,0.0,0.0,0.0,1.9,0.6
2024-04-23,0.4714285714285715,0.0,1.1,1.5,0.2,0.0,0.0,0.5
2024-04-24,5.542857142857143,6.9,7.8,8.7,4.4,0.8,5.0,5.2
2024-04-25,11.971428571428572,12.3,11.7,11.6,12.0,12.6,11.6,12.0
2024-04-26,0.12857142857142856,0.1,0.0,0.1,0.0,0.7,0.0,0.0
2024-04-27,2.3714285714285714,4.0,3.1,5.0,1.4,0.0,0.0,3.1
2024-04-28,5.7857142857142865,7.8,5.1,6.8,9.0,3.5,2.6,5.7
2024-04-29,0.9285714285714286,2.0,0.7,2.0,1.3,0.0,0.2,0.3
2024-04-30,1.7285714285714284,0.0,1.2,1.0,0.0,0.9,7.3,1.7
2024-05-01,0.028571428571428574,0.0,0.0,0.1,0.1,0.0,0.0,0.0
2024-05-02,7.642857142857143,9.4,11.1,8.1,7.8,10.6,2.6,3.9
2024-05-03,9.142857142857142,11.9,10.2,9.8,9.5,10.9,7.3,4.4
2024-05-04,7.814285714285715,11.1,9.6,8.9,8.0,10.6,0.2,6.3
2024-05-05,1.0142857142857142,0.7,0.1,0.0,0.7,2.3,2.3,1.0
2024-05-06,0.15714285714285717,1.1,0.0,0.0,0.0,0.0,0.0,0.0
2024-05-07,6.242857142857145,6.5,8.3,9.3,5.3,4.5,3.1,6.7
2024-05-08,3.257142857142857,0.4,1.0,0.9,2.2,2.6,7.9,7.8
2024-05-09,12.685714285714287,13.0,12.8,12.3,12.6,13.1,12.1,12.9
2024-05-10,12.242857142857144,12.8,12.8,12.2,12.6,12.9,11.5,10.9
2024-05-11,7.4142857142857155,5.8,7.5,5.9,7.7,9.0,8.6,7.4
2024-05-12,0.0,0.0,0.0,0.0,0.0,0.0,0.0,0.0
2024-05-13,6.985714285714286,9.3,9.8,9.4,7.4,6.9,1.9,4.2
2024-05-14,12.942857142857145,13.2,13.3,12.4,12.8,13.3,13.2,12.4
2024-05-15,7.457142857142856,10.5,8.5,7.4,7.9,6.3,5.0,6.6
2024-05-16,11.671428571428573,10.7,11.2,11.7,11.2,11.2,13.2,12.5
2024-05-17,12.671428571428573,13.1,13.1,12.3,12.7,12.9,12.8,11.8
2024-05-18,12.042857142857143,12.2,12.2,11.8,12.4,12.4,11.0,12.3
2024-05-19,8.22857142857143,12.8,12.8,12.3,10.0,1.7,0.4,7.6
2024-05-20,8.1,9.7,8.9,6.5,8.3,6.2,9.3,7.8
2024-05-21,9.014285714285716,10.4,11.8,10.1,9.3,11.4,6.0,4.1
2024-05-22,0.014285714285714287,0.0,0.0,0.1,0.0,0.0,0.0,0.0
2024-05-23,0.9714285714285713,2.1,0.9,1.1,1.0,1.1,0.0,0.6
2024-05-24,4.185714285714285,8.1,4.8,3.9,2.7,2.9,2.8,4.1
2024-05-25,12.014285714285716,12.0,12.1,11.9,12.1,12.1,12.2,11.7
2024-05-26,6.014285714285714,7.2,5.9,3.2,8.0,9.7,5.5,2.6
2024-05-27,0.7000000000000001,0.2,0.0,0.0,0.0,2.9,1.8,0.0
2024-05-28,1.7142857142857142,1.3,3.5,2.8,0.6,0.8,1.6,1.4
2024-05-29,12.200000000000001,12.8,12.4,12.0,12.2,13.0,12.1,10.9
2024-05-30,4.542857142857143,4.7,5.5,3.6,5.8,7.0,2.5,2.7
2024-05-31,1.2285714285714284,5.3,1.3,1.0,1.0,0.0,0.0,0.0
2024-06-01,10.942857142857141,11.7,11.7,11.0,10.4,10.6,10.9,10.3
2024-06-02,7.442857142857142,6.5,6.7,4.6,6.8,9.3,9.7,8.5
2024-06-03,10.2,12.3,11.0,10.3,10.2,10.8,8.3,8.5
2024-06-04,11.328571428571431,12.8,10.6,11.8,12.2,13.0,8.7,10.2
2024-06-05,9.842857142857143,10.7,10.4,8.4,9.7,11.2,10.8,7.7
2024-06-06,1.4428571428571428,4.5,3.0,1.5,0.9,0.2,0.0,0.0
2024-06-07,7.457142857142857,8.8,9.4,7.8,5.3,8.2,4.5,8.2
2024-06-08,0.2714285714285714,0.6,0.3,0.0,0.0,0.3,0.5,0.2
2024-06-09,0.2714285714285714,0.5,0.0,0.1,0.7,0.0,0.1,0.5
2024-06-10,4.5285714285714285,7.1,6.8,5.8,4.5,5.5,1.6,0.4
2024-06-11,6.928571428571429,8.6,6.7,6.7,8.1,8.9,4.5,5.0
2024-06-12,5.3571428571428585,8.3,7.3,7.1,8.3,5.8,0.6,0.1
2024-06-13,11.728571428571428,13.3,13.1,12.2,11.1,12.7,10.8,8.9
2024-06-14,9.528571428571428,8.5,5.7,8.8,9.5,12.5,10.7,11.0
2024-06-15,3.0,9.1,4.7,4.1,1.8,1.3,0.0,0.0
2024-06-16,8.371428571428572,9.2,7.6,6.6,8.0,8.9,9.7,8.6
2024-06-17,0.32857142857142857,0.1,0.7,0.5,0.5,0.5,0.0,0.0
2024-06-18,8.414285714285715,12.0,11.5,11.1,8.9,8.1,4.4,2.9
2024-06-19,7.642857142857143,7.4,9.1,7.0,8.8,9.5,7.1,4.6
2024-06-20,0.0,0.0,0.0,0.0,0.0,0.0,0.0,0.0
2024-06-21,6.3428571428571425,6.2,5.1,6.6,6.0,6.6,9.5,4.4
2024-06-22,0.5428571428571428,0.1,0.0,0.0,0.2,0.3,1.2,2.0
2024-06-23,0.42857142857142855,0.0,0.0,0.0,0.8,0.0,0.6,1.6
2024-06-24,0.09999999999999999,0.1,0.0,0.0,0.0,0.0,0.1,0.5
2024-06-25,0.2285714285714286,0.0,0.0,0.0,0.0,0.0,1.3,0.3
2024-06-26,0.21428571428571427,0.0,0.0,0.0,0.0,0.0,1.2,0.3
2024-06-27,0.04285714285714286,0.0,0.0,0.0,0.0,0.0,0.3,0.0
2024-06-28,0.12857142857142856,0.7,0.0,0.0,0.0,0.1,0.1,0.0
2024-06-29,0.07142857142857142,0.3,0.0,0.0,0.0,0.2,0.0,0.0
2024-06-30,1.8857142857142857,0.3,0.5,2.3,2.4,0.9,4.5,2.3
2024-07-01,0.5857142857142857,0.1,0.0,0.0,0.0,0.0,2.7,1.3
2024-07-02,6.657142857142857,4.7,2.7,4.7,5.0,6.2,12.5,10.8
2024-07-03,8.485714285714286,9.2,5.7,7.6,5.3,10.2,12.4,9.0
2024-07-04,7.6,4.2,3.2,2.5,11.4,8.8,13.7,9.4
2024-07-05,7.128571428571428,8.3,1.3,1.6,5.1,11.4,10.8,11.4
2024-07-06,10.614285714285714,13.2,7.2,8.7,7.2,12.7,13.7,11.6
2024-07-07,9.8,10.5,6.1,9.6,8.5,12.0,12.2,9.7
2024-07-08,8.714285714285714,7.7,5.9,10.0,8.0,10.5,10.5,8.4
2024-07-09,7.057142857142858,5.8,7.1,8.1,4.7,3.7,10.3,9.7
2024-07-10,2.414285714285714,1.0,0.3,1.8,1.9,3.3,3.0,5.6
2024-07-11,0.1,0.1,0.0,0.0,0.0,0.0,0.2,0.4
2024-07-12,2.771428571428572,5.7,5.4,0.7,1.4,5.7,0.1,0.4
2024-07-13,0.5428571428571429,2.1,0.6,0.2,0.4,0.1,0.0,0.4
2024-07-14,0.38571428571428573,0.0,0.0,0.0,0.0,0.0,0.5,2.2
2024-07-15,0.4714285714285714,1.9,0.4,0.0,0.3,0.7,0.0,0.0
2024-07-16,3.357142857142857,1.0,0.9,0.7,1.0,0.1,10.1,9.7
2024-07-17,10.328571428571427,10.7,10.1,11.2,10.1,8.9,11.4,9.9
2024-07-18,4.771428571428571,5.1,2.6,5.0,4.6,9.2,3.0,3.9
2024-07-19,8.871428571428572,6.6,8.8,6.5,9.0,10.3,12.5,8.4
2024-07-20,10.985714285714286,7.8,10.8,10.3,11.9,11.9,13.4,10.8
2024-07-21,8.442857142857143,3.7,7.2,9.0,7.9,11.5,11.7,8.1
2024-07-22,11.14285714285714,9.9,11.5,9.7,12.1,12.2,11.1,11.5
2024-07-23,10.700000000000001,10.8,9.5,9.5,11.4,10.1,11.7,11.9
2024-07-24,7.3999999999999995,3.9,5.8,6.6,9.1,5.8,9.7,10.9
2024-07-25,9.628571428571428,11.4,10.0,8.9,7.8,11.9,7.4,10.0
2024-07-26,6.714285714285714,6.7,7.9,7.1,4.8,10.2,2.8,7.5
2024-07-27,10.5,11.6,12.9,11.8,11.1,9.4,6.4,10.3
2024-07-28,11.857142857142858,10.9,12.9,12.0,11.6,11.1,13.0,11.5
2024-07-29,12.185714285714285,13.4,11.4,9.7,11.7,12.9,13.2,13.0
2024-07-30,11.62857142857143,10.2,12.3,11.8,8.9,13.3,13.4,11.5
2024-07-31,11.385714285714284,10.7,11.5,10.2,9.7,13.2,13.3,11.1
2024-08-01,11.242857142857144,9.6,11.2,11.0,9.3,12.9,13.0,11.7
2024-08-02,11.0,11.8,10.5,11.7,11.8,11.1,10.0,10.1
2024-08-03,10.299999999999999,11.4,6.7,9.7,10.5,11.9,11.1,10.8
2024-08-04,9.742857142857144,12.2,9.3,11.5,5.3,11.6,10.5,7.8
2024-08-05,9.285714285714286,10.1,9.8,8.5,7.3,7.0,12.0,10.3
2024-08-06,10.671428571428573,12.4,11.2,12.1,11.2,8.7,10.0,9.1
2024-08-07,11.37142857142857,12.1,12.0,12.3,11.4,12.4,12.1,7.3
2024-08-08,11.128571428571428,12.2,11.3,12.3,12.4,12.8,8.6,8.3
2024-08-09,10.042857142857143,11.1,9.8,10.8,9.9,8.0,10.1,10.6
2024-08-10,11.742857142857144,12.4,11.6,12.1,12.1,12.4,10.8,10.8
2024-08-11,11.685714285714285,12.2,11.4,12.3,9.9,12.4,11.5,12.1
2024-08-12,10.328571428571431,12.4,9.9,10.9,9.1,11.0,9.0,10.0
2024-08-13,9.928571428571429,10.5,11.1,9.3,9.2,10.0,11.5,7.9
2024-08-14,9.542857142857143,10.0,10.1,9.3,9.1,12.2,11.3,4.8
2024-08-15,9.814285714285715,9.1,9.6,11.8,7.6,11.0,12.5,7.1
2024-08-16,8.714285714285714,8.9,6.5,6.9,9.5,10.8,10.0,8.4
2024-08-17,10.5,11.5,11.9,11.8,12.0,8.9,7.6,9.8
2024-08-18,9.471428571428573,10.3,10.5,9.5,9.8,8.1,8.2,9.9
2024-08-19,1.4428571428571428,6.5,3.1,0.2,0.3,0.0,0.0,0.0
2024-08-20,10.0,8.9,10.3,10.8,10.9,7.3,10.2,11.6
2024-08-21,10.342857142857143,9.1,11.1,10.7,9.8,10.7,8.9,12.1
2024-08-22,10.299999999999999,10.7,8.7,7.9,11.4,12.0,9.6,11.8
2024-08-23,8.885714285714286,6.7,10.2,8.2,9.4,10.6,9.6,7.5
2024-08-24,7.657142857142857,6.4,6.9,2.6,8.2,11.2,10.8,7.5
2024-08-25,8.5,4.4,5.9,10.6,9.1,7.5,11.9,10.1
2024-08-26,9.514285714285714,11.7,9.6,10.7,9.7,9.7,7.0,8.2
2024-08-27,7.285714285714285,8.3,8.8,9.0,7.8,5.8,6.4,4.9
2024-08-28,0.4714285714285714,0.7,0.6,2.0,0.0,0.0,0.0,0.0
2024-08-29,0.08571428571428572,0.0,0.0,0.6,0.0,0.0,0.0,0.0
2024-08-30,0.32857142857142857,0.0,0.0,0.4,0.6,0.0,0.8,0.5
2024-08-31,10.485714285714286,10.0,11.0,10.2,10.4,9.8,11.1,10.9
2024-09-01,11.614285714285716,12.2,12.2,11.1,11.7,11.5,10.9,11.7
2024-09-02,10.257142857142858,11.3,10.9,9.3,9.3,10.8,10.0,10.2
2024-09-03,8.47142857142857,10.5,7.2,9.7,9.2,6.5,5.8,10.4
2024-09-04,10.114285714285716,10.9,11.1,10.2,9.2,8.4,10.8,10.2
2024-09-05,10.042857142857143,11.4,7.4,10.8,11.4,11.4,9.8,8.1
2024-09-06,10.842857142857142,11.1,11.4,11.0,10.8,9.9,11.6,10.1
2024-09-07,10.842857142857143,10.8,10.6,10.9,10.7,10.3,11.2,11.4
2024-09-08,10.9,11.4,10.2,10.9,8.5,11.7,12.1,11.5
2024-09-09,10.885714285714284,11.7,11.8,11.0,11.7,11.9,8.5,9.6
2024-09-10,3.0571428571428574,5.5,6.8,1.8,1.0,3.6,2.7,0.0
2024-09-11,6.614285714285715,5.4,6.0,6.5,5.1,9.7,5.1,8.5
2024-09-12,10.028571428571427,11.4,10.1,8.4,8.4,11.8,10.1,10.0
2024-09-13,10.342857142857143,11.7,11.1,10.0,10.5,11.2,8.0,9.9
2024-09-14,5.857142857142857,10.4,8.4,8.5,7.2,1.8,2.6,2.1
2024-09-15,5.042857142857143,4.2,5.3,7.1,5.9,4.2,2.8,5.8
2024-09-16,6.6000000000000005,6.6,7.3,7.5,5.2,4.2,6.6,8.8
2024-09-17,9.671428571428569,11.6,9.9,10.5,7.8,10.0,6.9,11.0
2024-09-18,9.014285714285714,11.7,10.0,10.9,8.7,7.3,4.0,10.5
2024-09-19,7.042857142857143,10.6,10.5,5.9,5.0,4.3,6.5,6.5
2024-09-20,5.985714285714286,5.8,3.6,1.6,7.4,8.9,7.7,6.9
2024-09-21,2.942857142857143,1.1,1.7,2.4,3.1,3.4,6.3,2.6
2024-09-22,0.6714285714285715,0.9,2.0,0.8,0.1,0.9,0.0,0.0
2024-09-23,4.2,5.7,5.3,5.5,5.1,7.5,0.3,0.0
2024-09-24,8.671428571428573,8.5,10.8,10.2,9.7,6.1,5.6,9.8
2024-09-25,2.7285714285714286,0.6,2.3,1.9,3.3,4.1,2.3,4.6
2024-09-26,10.142857142857142,10.2,9.8,9.9,9.4,9.2,11.2,11.3
2024-09-27,8.7,8.7,9.2,8.7,9.1,8.8,8.9,7.5
2024-09-28,5.071428571428572,7.1,9.5,7.7,4.8,2.6,1.7,2.1
2024-09-29,8.157142857142857,6.9,11.0,9.7,9.4,5.6,4.9,9.6
2024-09-30,9.242857142857144,10.6,10.4,10.1,11.0,7.7,5.0,9.9
2024-10-01,9.77142857142857,9.5,8.3,8.0,10.4,10.8,10.8,10.6
2024-10-02,0.17142857142857146,0.0,0.0,0.1,0.0,0.0,1.1,0.0
2024-10-03,0.1285714285714286,0.1,0.1,0.1,0.1,0.0,0.1,0.4
2024-10-04,2.7857142857142856,5.5,8.0,3.7,1.6,0.7,0.0,0.0
2024-10-05,1.8142857142857143,1.2,0.9,0.9,3.9,0.0,0.1,5.7
2024-10-06,4.0,2.3,2.7,2.8,7.0,2.5,2.7,8.0
2024-10-07,0.6714285714285715,0.0,0.0,0.0,0.0,0.0,3.6,1.1
2024-10-08,1.2571428571428573,0.0,0.2,1.3,0.6,0.2,2.2,4.3
2024-10-09,9.157142857142857,8.6,9.1,8.1,9.3,8.9,9.7,10.4
2024-10-10,9.571428571428571,10.3,9.9,8.5,10.5,7.7,11.0,9.1
2024-10-11,9.142857142857142,10.6,10.7,8.6,9.5,9.2,7.8,7.6
2024-10-12,10.371428571428572,10.3,10.7,9.3,10.5,10.6,10.3,10.9
2024-10-13,10.071428571428571,10.3,10.8,9.7,11.0,7.6,10.9,10.2
2024-10-14,1.4714285714285715,0.2,0.9,0.2,1.3,0.4,3.3,4.0
2024-10-15,1.942857142857143,0.4,2.9,4.3,0.4,0.3,1.3,4.0
2024-10-16,4.114285714285714,2.9,6.7,8.2,6.2,4.2,0.0,0.6
2024-10-17,1.4428571428571426,2.8,1.8,2.0,1.7,0.1,0.2,1.5
2024-10-18,6.971428571428571,7.2,8.2,8.8,8.3,4.7,1.8,9.8
2024-10-19,1.3142857142857145,0.0,0.1,1.8,0.4,0.1,4.7,2.1
2024-10-20,5.271428571428572,5.9,7.5,8.0,8.6,0.6,4.7,1.6
2024-10-21,4.985714285714287,6.2,8.9,6.5,8.3,0.0,0.0,5.0
2024-10-22,0.5571428571428572,1.3,0.1,1.9,0.4,0.0,0.0,0.2
2024-10-23,4.114285714285714,3.7,3.8,5.8,1.4,4.8,4.4,4.9
2024-10-24,2.085714285714286,4.8,2.7,3.0,1.1,3.0,0.0,0.0
2024-10-25,2.8857142857142857,6.5,5.9,3.8,3.8,0.2,0.0,0.0
2024-10-26,0.2571428571428572,0.1,0.0,0.2,0.2,0.0,0.0,1.3
2024-10-27,3.4285714285714284,2.1,4.8,3.6,5.3,1.9,0.3,6.0
2024-10-28,2.3428571428571425,1.3,1.7,1.5,3.0,2.5,0.3,6.1
2024-10-29,0.15714285714285717,0.5,0.1,0.1,0.0,0.0,0.0,0.4
2024-10-30,6.6571428571428575,6.3,6.2,7.1,6.5,6.9,6.7,6.9
2024-10-31,0.17142857142857146,0.5,0.0,0.0,0.0,0.0,0.6,0.1
2024-11-01,0.028571428571428574,0.0,0.0,0.0,0.0,0.0,0.0,0.2
2024-11-02,2.071428571428571,0.0,1.4,4.1,1.5,1.1,2.8,3.6
2024-11-03,9.957142857142857,9.7,10.2,9.2,10.4,9.9,10.4,9.9
2024-11-04,7.357142857142857,5.4,9.8,8.6,9.7,7.0,3.1,7.9
2024-11-05,5.8999999999999995,7.3,5.7,6.8,6.1,5.7,5.0,4.7
2024-11-06,8.857142857142858,5.9,10.0,9.2,9.0,7.6,10.3,10.0
2024-11-07,8.585714285714285,8.1,9.3,9.2,10.1,3.7,9.6,10.1
2024-11-08,6.328571428571428,8.7,9.1,5.7,9.0,3.8,3.6,4.4
2024-11-09,2.0428571428571427,4.9,4.6,1.1,3.3,0.4,0.0,0.0
2024-11-10,0.18571428571428572,0.0,0.2,0.0,0.0,1.1,0.0,0.0
2024-11-11,6.171428571428572,5.5,7.2,6.2,7.1,4.3,4.9,8.0
2024-11-12,7.785714285714286,7.9,8.7,8.9,4.9,8.0,6.7,9.4
2024-11-13,8.128571428571428,7.1,9.8,8.9,9.2,5.1,8.4,8.4
2024-11-14,6.014285714285713,8.0,7.9,7.9,8.7,0.4,1.4,7.8
2024-11-15,0.014285714285714287,0.0,0.0,0.0,0.1,0.0,0.0,0.0
2024-11-16,0.41428571428571426,0.6,1.2,1.1,0.0,0.0,0.0,0.0
2024-11-17,1.9857142857142855,0.0,0.7,2.0,0.1,0.0,4.8,6.3
2024-11-18,6.314285714285715,1.2,4.2,7.9,9.0,2.2,9.9,9.8
2024-11-19,6.514285714285715,7.9,10.0,6.8,9.9,4.6,4.2,2.2
2024-11-20,7.042857142857144,6.5,6.9,5.2,4.3,9.0,8.5,8.9
2024-11-21,3.2142857142857144,4.5,5.6,3.0,2.1,4.3,0.9,2.1
2024-11-22,7.014285714285713,5.1,7.3,6.0,7.4,5.1,9.7,8.5
2024-11-23,5.671428571428571,3.4,5.1,4.2,8.2,1.7,7.6,9.5
2024-11-24,8.671428571428573,8.8,9.9,8.6,9.5,6.1,9.2,8.6
2024-11-25,7.757142857142857,7.9,8.0,7.6,8.6,3.2,9.2,9.8
2024-11-26,0.21428571428571427,0.1,0.3,0.0,0.0,0.9,0.2,0.0
2024-11-27,2.7714285714285714,1.9,1.2,0.2,0.5,6.9,5.3,3.4
2024-11-28,3.628571428571429,2.8,3.3,1.1,2.2,7.6,5.1,3.3
2024-11-29,2.5285714285714285,1.0,2.4,0.9,1.6,2.3,6.8,2.7
2024-11-30,5.428571428571429,4.8,8.4,5.1,3.5,6.7,8.3,1.2
2024-12-01,7.614285714285714,6.1,7.2,6.1,7.9,9.1,8.9,8.0
2024-12-02,6.828571428571428,5.5,7.5,3.0,5.7,7.9,9.2,9.0
2024-12-03,8.642857142857142,8.8,9.0,8.5,7.5,9.0,9.5,8.2
2024-12-04,6.471428571428571,3.4,5.8,6.0,8.3,2.7,9.6,9.5
2024-12-05,3.7857142857142856,3.0,2.7,0.7,3.9,5.5,8.5,2.2
2024-12-06,4.042857142857143,3.2,5.2,2.3,4.4,5.0,4.5,3.7
2024-12-07,5.6,4.6,7.2,8.1,7.9,6.6,3.0,1.8
2024-12-08,7.657142857142858,6.1,8.1,7.4,8.6,6.1,9.3,8.0
2024-12-09,4.542857142857143,1.9,2.8,0.1,3.6,6.3,9.7,7.4
2024-12-10,6.571428571428571,4.6,4.8,3.6,7.0,7.3,9.6,9.1
2024-12-11,2.414285714285714,2.1,1.7,1.3,3.5,3.7,4.2,0.4
2024-12-12,7.6000000000000005,5.2,7.9,8.1,6.9,6.7,9.1,9.3
2024-12-13,3.8857142857142857,3.0,3.6,2.2,4.6,5.7,5.2,2.9
2024-12-14,5.999999999999999,4.0,5.9,3.3,7.1,7.9,9.4,4.4
2024-12-15,3.042857142857143,0.3,1.3,0.3,1.3,5.4,8.8,3.9
2024-12-16,4.214285714285714,3.4,2.7,2.4,1.1,6.7,8.8,4.4
2024-12-17,2.642857142857143,2.6,4.3,0.0,0.5,2.5,4.1,4.5
2024-12-18,1.2142857142857142,1.2,1.2,1.0,1.9,1.6,0.7,0.9
2024-12-19,5.857142857142857,2.4,5.9,5.7,5.2,2.9,9.6,9.3
2024-12-20,6.314285714285716,5.4,6.1,6.6,6.8,6.9,6.7,5.7
2024-12-21,2.1142857142857143,0.2,1.1,0.2,0.8,3.5,6.6,2.4
2024-12-22,7.0,3.7,6.5,6.9,7.4,9.1,9.4,6.0
2024-12-23,7.871428571428571,7.9,8.8,7.9,9.2,9.3,7.3,4.7
2024-12-24,8.714285714285714,8.0,8.7,7.2,9.0,9.0,9.7,9.4
2024-12-25,5.728571428571429,4.9,5.2,2.7,5.5,9.1,7.2,5.5
2024-12-26,4.2,4.5,5.5,3.6,3.7,4.5,5.3,2.3
2024-12-27,3.728571428571428,3.6,5.7,1.5,4.1,5.1,4.4,1.7
2024-12-28,3.900000000000001,4.1,4.2,1.3,5.0,3.1,7.3,2.3
2024-12-29,3.357142857142857,0.9,0.5,0.1,1.3,2.1,9.6,9.0
2024-12-30,3.2857142857142856,1.0,3.4,2.7,4.7,3.1,5.4,2.7
2024-12-31,6.971428571428571,6.8,7.2,6.8,6.5,5.5,8.3,7.7
2025-01-01,9.357142857142858,8.9,9.5,8.4,9.7,9.5,9.8,9.7
2025-01-02,8.885714285714284,8.7,8.7,7.2,9.0,9.4,9.6,9.6
2025-01-03,7.1000000000000005,3.8,8.2,7.3,6.8,4.6,9.7,9.3
2025-01-04,3.871428571428571,0.0,2.3,0.3,1.3,4.3,9.7,9.2
2025-01-05,3.9714285714285715,1.1,2.3,3.3,3.6,4.2,7.1,6.2
2025-01-06,3.1000000000000005,1.9,3.1,3.3,1.0,1.3,5.5,5.6
2025-01-07,4.442857142857142,4.8,4.6,2.3,5.5,4.3,7.2,2.4
2025-01-08,3.6714285714285717,3.5,2.4,1.8,2.7,4.9,6.3,4.1
2025-01-09,2.3857142857142857,1.8,2.3,0.3,3.2,2.1,6.3,0.7
2025-01-10,6.942857142857143,5.2,6.4,4.7,5.2,8.8,9.2,9.1
2025-01-11,3.157142857142857,0.6,0.4,1.7,5.2,4.8,7.1,2.3
2025-01-12,3.357142857142857,5.1,5.6,0.1,0.6,4.7,5.9,1.5
2025-01-13,5.0,1.8,3.2,2.3,5.3,9.4,9.8,3.2
2025-01-14,4.3428571428571425,3.7,1.1,1.6,2.1,4.3,9.2,8.4
2025-01-15,1.3857142857142857,1.3,1.1,0.5,1.8,0.8,4.2,0.0
2025-01-16,2.5142857142857147,0.5,0.2,0.0,0.3,6.7,9.8,0.1
2025-01-17,3.3142857142857136,1.7,0.7,3.8,1.8,0.9,9.9,4.4
2025-01-18,6.442857142857143,2.8,4.7,7.9,8.4,8.2,8.0,5.1
2025-01-19,5.885714285714285,6.7,5.2,6.1,7.4,3.1,7.3,5.4
2025-01-20,6.357142857142857,4.1,6.4,5.1,4.6,7.0,9.9,7.4
2025-01-21,8.514285714285714,6.5,8.0,8.5,8.8,8.8,9.7,9.3
2025-01-22,6.728571428571429,5.6,5.4,7.1,7.2,6.3,7.9,7.6
2025-01-23,6.485714285714286,9.0,9.2,5.5,5.8,8.3,3.6,4.0
2025-01-24,5.371428571428571,8.6,8.3,5.7,8.0,5.6,1.4,0.0
2025-01-25,7.2,6.0,8.7,8.9,9.6,4.4,4.3,8.5
2025-01-26,8.5,7.4,8.1,7.5,9.3,9.1,9.8,8.3
2025-01-27,0.7571428571428571,0.0,0.1,0.0,0.6,1.7,2.6,0.3
2025-01-28,3.157142857142857,1.5,5.4,0.4,1.4,3.5,8.2,1.7
2025-01-29,3.4285714285714284,0.7,0.8,1.4,3.8,5.5,9.3,2.5
2025-01-30,9.642857142857142,8.7,9.5,9.0,10.0,9.9,10.3,10.1
2025-01-31,9.485714285714284,9.3,9.5,9.0,9.8,9.2,9.8,9.8
2025-02-01,0.0,0.0,0.0,0.0,0.0,0.0,0.0,0.0
2025-02-02,3.071428571428572,2.5,3.7,6.3,4.3,2.8,0.3,1.6
2025-02-03,4.828571428571429,4.9,4.9,3.8,3.6,6.0,6.9,3.7
2025-02-04,4.9,4.7,4.4,1.6,4.2,7.2,10.3,1.9
2025-02-05,3.385714285714286,3.3,3.8,0.2,2.0,3.8,9.3,1.3
2025-02-06,5.014285714285714,1.5,4.3,4.1,5.2,5.9,10.0,4.1
2025-02-07,2.128571428571429,0.5,0.3,0.8,1.8,4.7,3.8,3.0
2025-02-08,6.542857142857144,3.9,7.6,3.5,6.6,6.7,10.4,7.1
2025-02-09,5.628571428571429,3.9,4.6,0.2,3.8,8.8,10.4,7.7
2025-02-10,3.542857142857143,0.1,1.9,1.0,2.6,6.7,10.2,2.3
2025-02-11,10.028571428571428,9.4,10.2,9.4,10.4,10.3,10.2,10.3
2025-02-12,0.12857142857142856,0.3,0.0,0.0,0.0,0.6,0.0,0.0
2025-02-13,5.6428571428571415,9.0,10.2,4.5,5.6,7.8,0.8,1.6
2025-02-14,9.62857142857143,9.5,9.3,7.8,9.9,10.0,10.6,10.3
2025-02-15,0.8142857142857143,0.1,0.0,0.5,0.5,0.4,2.2,2.0
2025-02-16,4.028571428571429,5.9,5.3,4.8,2.1,3.3,2.6,4.2
2025-02-17,9.614285714285714,10.0,8.9,9.6,9.1,9.6,10.3,9.8
2025-02-18,6.928571428571429,6.5,7.4,3.5,7.1,5.8,10.1,8.1
2025-02-19,9.557142857142855,8.1,10.2,7.8,10.6,8.9,10.8,10.5
2025-02-20,9.485714285714284,9.7,10.1,7.7,9.6,10.1,10.5,8.7
2025-02-21,6.614285714285714,7.3,9.2,6.6,5.9,7.9,5.1,4.3
2025-02-22,7.628571428571427,4.2,6.1,6.3,9.2,7.0,10.8,9.8
2025-02-23,4.071428571428572,2.2,5.4,1.2,6.0,6.9,5.2,1.6
2025-02-24,8.785714285714286,6.5,10.3,6.7,8.5,9.7,11.0,8.8
2025-02-25,8.885714285714284,8.5,8.0,4.8,9.6,10.1,10.8,10.4
2025-02-26,8.214285714285714,8.1,8.9,7.4,6.1,8.2,10.5,8.3
2025-02-27,5.757142857142857,4.8,4.3,5.0,6.8,6.1,7.8,5.5
2025-02-28,3.1142857142857143,1.5,0.3,3.0,4.7,3.8,4.8,3.7
2025-03-01,5.114285714285715,7.0,3.6,2.9,7.3,1.5,7.9,5.6
2025-03-02,2.257142857142857,0.7,0.0,0.3,0.1,3.6,6.7,4.4
2025-03-03,0.014285714285714287,0.0,0.0,0.1,0.0,0.0,0.0,0.0
2025-03-04,0.0,0.0,0.0,0.0,0.0,0.0,0.0,0.0
2025-03-05,1.4857142857142858,0.7,2.0,0.6,1.0,2.4,0.1,3.6
2025-03-06,2.757142857142857,1.4,3.3,5.5,3.1,2.4,2.0,1.6
2025-03-07,8.7,5.4,9.0,9.6,9.8,6.2,10.3,10.6
2025-03-08,2.9857142857142853,8.7,5.9,2.2,0.4,3.7,0.0,0.0
2025-03-09,10.757142857142856,10.8,10.9,10.0,11.0,10.9,10.7,11.0
2025-03-10,3.7714285714285714,5.8,5.1,1.2,3.9,5.9,4.1,0.4
2025-03-11,2.9,7.2,6.0,6.5,0.6,0.0,0.0,0.0
2025-03-12,3.7,3.9,2.6,2.5,4.5,5.3,4.9,2.2
2025-03-13,0.4857142857142857,0.1,1.0,0.2,0.8,0.6,0.4,0.3
2025-03-14,2.514285714285715,5.0,3.8,0.4,2.4,5.8,0.1,0.1
2025-03-15,0.0,0.0,0.0,0.0,0.0,0.0,0.0,0.0
2025-03-16,2.0714285714285716,0.2,0.8,1.3,0.9,1.3,7.1,2.9
2025-03-17,4.857142857142857,0.6,2.1,4.8,4.1,7.0,10.9,4.5
2025-03-18,3.671428571428571,1.9,4.0,1.5,2.9,6.1,5.2,4.1
2025-03-19,3.585714285714286,1.6,1.4,2.8,2.5,5.1,7.6,4.1
2025-03-20,10.12857142857143,10.8,10.1,8.8,10.2,10.5,11.5,9.0
2025-03-21,10.171428571428569,11.2,10.6,5.4,11.1,11.4,11.2,10.3
2025-03-22,11.142857142857142,11.2,11.1,10.7,10.9,11.4,11.5,11.2
2025-03-23,11.057142857142859,11.0,11.1,10.4,10.9,11.3,11.4,11.3
2025-03-24,4.257142857142857,5.6,5.1,1.3,4.9,3.6,5.6,3.7
2025-03-25,10.171428571428573,10.0,9.9,10.1,10.5,10.1,10.3,10.3
2025-03-26,7.628571428571428,9.6,7.4,0.9,6.6,10.6,11.0,7.3
2025-03-27,0.27142857142857146,0.3,0.0,0.0,0.1,1.3,0.2,0.0
2025-03-28,2.142857142857143,1.1,3.0,3.9,2.0,0.9,2.6,1.5
2025-03-29,5.6571428571428575,5.5,6.0,5.4,5.7,6.5,6.8,3.7
2025-03-30,6.4142857142857155,7.4,6.4,7.9,8.2,7.3,5.1,2.6
2025-03-31,5.585714285714286,7.6,6.9,6.1,5.7,5.6,4.7,2.5
2025-04-01,0.42857142857142866,2.1,0.8,0.1,0.0,0.0,0.0,0.0
2025-04-02,6.9,10.6,10.4,9.8,7.3,4.4,0.7,5.1
2025-04-03,9.257142857142856,9.8,8.4,9.2,7.7,10.8,9.8,9.1
2025-04-04,11.37142857142857,11.7,10.7,10.9,11.7,11.6,11.5,11.5
2025-04-05,3.600000000000001,4.8,6.0,3.8,2.3,4.4,2.8,1.1
2025-04-06,11.171428571428573,11.0,11.1,10.1,11.1,11.8,11.6,11.5
2025-04-07,11.528571428571428,11.6,11.6,10.9,11.1,11.8,11.7,12.0
2025-04-08,9.928571428571427,10.0,10.2,10.1,9.8,9.3,10.0,10.1
2025-04-09,9.157142857142857,9.8,8.0,8.0,8.3,10.6,9.8,9.6
2025-04-10,1.2142857142857142,3.5,2.3,0.4,1.1,1.2,0.0,0.0
2025-04-11,11.142857142857142,11.1,10.5,11.2,11.2,11.3,11.5,11.2
2025-04-12,1.542857142857143,0.5,0.3,0.9,1.4,1.8,3.9,2.0
2025-04-13,7.957142857142856,8.8,8.4,7.4,7.3,6.6,9.3,7.9
2025-04-14,4.0285714285714285,2.5,2.8,2.9,2.5,6.8,5.4,5.3
2025-04-15,9.171428571428573,8.4,10.2,9.5,7.4,9.1,9.4,10.2
2025-04-16,10.0,10.0,10.1,9.8,9.9,11.0,9.1,10.1
2025-04-17,6.985714285714287,9.1,4.4,4.6,7.8,11.0,7.5,4.5
2025-04-18,7.257142857142857,5.9,8.5,8.5,6.9,7.3,8.0,5.7
2025-04-19,10.342857142857143,11.2,10.4,8.9,10.0,9.8,11.1,11.0
2025-04-20,0.2285714285714286,0.0,0.0,0.5,0.3,0.0,0.1,0.7
2025-04-21,9.842857142857143,9.3,11.7,11.2,9.2,8.6,8.9,10.0
2025-04-22,0.028571428571428574,0.0,0.0,0.0,0.0,0.2,0.0,0.0
2025-04-23,0.9571428571428571,0.0,2.6,0.0,0.0,0.5,2.5,1.1
2025-04-24,10.12857142857143,7.8,11.2,8.1,10.3,12.7,8.5,12.3
2025-04-25,2.0714285714285716,4.7,3.4,2.4,2.5,1.4,0.1,0.0
2025-04-26,12.228571428571428,12.5,12.6,12.0,12.4,12.6,12.0,11.5
2025-04-27,10.714285714285714,10.6,10.8,10.1,11.1,9.2,11.7,11.5
2025-04-28,3.228571428571428,5.1,5.3,3.8,4.1,2.5,0.5,1.3
2025-04-29,12.242857142857144,12.7,12.8,11.8,12.1,12.5,12.4,11.4
2025-04-30,10.728571428571428,12.4,12.5,11.4,10.8,11.5,7.9,8.6
2025-05-01,1.7571428571428573,3.8,2.4,1.4,0.8,3.9,0.0,0.0
2025-05-02,12.4,12.5,12.8,12.3,12.2,12.3,12.8,11.9
2025-05-03,9.914285714285715,6.6,8.7,8.7,10.4,11.3,12.2,11.5
2025-05-04,12.514285714285714,13.0,13.0,12.3,12.6,12.7,11.4,12.6
2025-05-05,7.214285714285714,7.7,7.4,6.4,7.7,8.4,7.1,5.8
2025-05-06,0.5714285714285714,0.2,0.1,3.1,0.0,0.0,0.5,0.1
2025-05-07,10.6,10.5,9.5,10.4,11.5,12.1,10.7,9.5
2025-05-08,11.085714285714285,11.3,11.1,10.4,11.0,11.6,11.2,11.0
2025-05-09,0.0,0.0,0.0,0.0,0.0,0.0,0.0,0.0
2025-05-10,6.528571428571429,9.1,7.4,5.3,6.4,5.4,5.1,7.0
2025-05-11,0.7428571428571429,0.4,0.8,0.9,0.7,2.1,0.3,0.0
2025-05-12,9.771428571428572,12.0,11.2,11.7,9.4,9.6,7.6,6.9
2025-05-13,12.0,12.6,12.3,12.1,12.5,12.4,11.0,11.1
2025-05-14,11.1,9.8,11.5,10.8,12.1,11.1,10.6,11.8
2025-05-15,6.657142857142857,4.6,5.5,7.0,7.4,7.2,7.6,7.3
2025-05-16,1.1,0.2,0.9,1.3,1.0,0.5,3.0,0.8
2025-05-17,1.0999999999999999,2.6,1.9,0.1,0.8,1.5,0.8,0.0
2025-05-18,0.38571428571428573,0.8,1.4,0.2,0.0,0.3,0.0,0.0
2025-05-19,3.042857142857143,9.4,4.8,3.3,0.8,2.9,0.0,0.1
2025-05-20,3.9857142857142853,7.7,0.7,1.5,4.4,10.7,2.0,0.9
2025-05-21,0.12857142857142856,0.7,0.2,0.0,0.0,0.0,0.0,0.0
2025-05-22,6.028571428571428,0.0,6.9,8.0,6.8,6.6,6.1,7.8
2025-05-23,5.185714285714285,3.6,5.9,5.4,7.1,5.3,2.2,6.8
2025-05-24,0.2857142857142857,0.0,0.0,0.3,0.8,0.5,0.4,0.0
2025-05-25,3.8000000000000003,3.4,3.2,6.4,4.0,2.6,3.9,3.1
2025-05-26,3.0571428571428574,4.8,4.7,6.2,3.2,2.3,0.1,0.1
2025-05-27,11.542857142857143,13.3,13.2,12.4,13.0,12.1,6.0,10.8
2025-05-28,6.8428571428571425,9.8,8.0,7.4,7.5,7.9,4.5,2.8
2025-05-29,0.21428571428571427,1.0,0.4,0.1,0.0,0.0,0.0,0.0
2025-05-30,3.314285714285714,3.3,6.9,7.2,2.7,0.1,1.6,1.4
2025-05-31,11.814285714285713,11.6,11.9,10.8,11.9,12.3,12.1,12.1
2025-06-01,11.971428571428573,12.8,12.3,12.0,12.1,12.6,11.3,10.7
2025-06-02,0.0,0.0,0.0,0.0,0.0,0.0,0.0,0.0
2025-06-03,2.242857142857143,2.7,4.6,1.9,0.8,0.0,5.6,0.1
2025-06-04,11.62857142857143,12.5,12.2,9.9,11.3,12.6,11.0,11.9
2025-06-05,12.7,12.5,12.6,12.0,12.6,12.8,13.3,13.1
2025-06-06,6.714285714285714,5.3,6.4,5.2,7.7,6.4,8.2,7.8
2025-06-07,1.9714285714285713,0.2,0.5,0.4,1.3,0.7,5.1,5.6
2025-06-08,0.028571428571428574,0.0,0.1,0.1,0.0,0.0,0.0,0.0
2025-06-09,0.0,0.0,0.0,0.0,0.0,0.0,0.0,0.0
2025-06-10,0.042857142857142864,0.1,0.0,0.0,0.0,0.0,0.2,0.0
2025-06-11,0.21428571428571427,0.1,0.4,0.0,0.0,0.0,0.5,0.5
2025-06-12,0.2285714285714286,0.0,0.0,0.0,0.3,0.0,0.0,1.3
2025-06-13,3.2285714285714286,1.4,0.3,1.9,1.8,1.7,7.1,8.4
2025-06-14,0.14285714285714285,0.0,0.0,0.3,0.1,0.3,0.1,0.2
2025-06-15,2.0714285714285716,3.4,0.2,0.1,0.4,6.5,3.6,0.3
2025-06-16,2.771428571428572,1.3,0.7,1.6,2.3,3.5,7.7,2.3
2025-06-17,7.785714285714286,8.3,6.8,7.2,9.4,8.5,7.9,6.4
2025-06-18,8.72857142857143,10.0,11.5,11.0,10.9,6.6,5.2,5.9
2025-06-19,12.099999999999998,12.6,11.7,11.5,11.8,12.4,12.7,12.0
2025-06-20,10.314285714285713,10.1,10.1,10.1,11.4,11.0,10.9,8.6
2025-06-21,3.9,0.7,1.2,0.4,3.1,4.9,10.0,7.0
2025-06-22,1.8714285714285712,0.0,0.1,1.6,1.0,3.9,3.8,2.7
2025-06-23,0.09999999999999999,0.1,0.0,0.0,0.0,0.0,0.6,0.0
2025-06-24,0.21428571428571427,0.0,0.0,0.0,0.1,0.0,0.7,0.7
2025-06-25,2.4571428571428577,1.0,1.2,2.8,3.4,2.4,3.3,3.1
2025-06-26,2.842857142857143,6.7,4.9,3.5,0.2,0.3,1.7,2.6
2025-06-27,10.457142857142857,13.4,10.3,8.0,9.4,12.5,9.1,10.5
2025-06-28,11.042857142857144,11.1,9.6,9.0,8.6,13.2,13.4,12.4
2025-06-29,11.157142857142857,12.3,12.4,12.8,10.3,12.3,8.2,9.8
2025-06-30,10.828571428571426,10.2,12.1,11.9,8.7,9.9,12.4,10.6
2025-07-01,11.185714285714287,11.9,10.7,11.6,10.7,11.2,12.4,9.8
2025-07-02,10.228571428571428,11.7,11.7,12.0,7.1,9.1,11.7,8.3
2025-07-03,10.514285714285714,11.7,11.2,10.9,9.8,9.6,10.9,9.5
2025-07-04,9.242857142857144,9.8,10.6,11.2,9.3,7.7,9.7,6.4
2025-07-05,10.485714285714286,10.7,11.8,9.9,11.2,11.6,8.3,9.9
2025-07-06,11.414285714285715,11.9,11.0,10.8,10.2,12.7,11.8,11.5
2025-07-07,10.785714285714286,9.5,8.3,10.7,10.1,12.6,13.0,11.3
2025-07-08,9.014285714285716,9.9,7.9,9.3,7.7,10.1,9.4,8.8
2025-07-09,7.8428571428571425,5.7,6.5,10.0,8.6,9.5,5.7,8.9
2025-07-10,5.5857142857142845,11.4,9.9,8.1,1.0,6.9,0.8,1.0
2025-07-11,2.728571428571428,4.3,5.4,1.5,1.8,4.8,0.9,0.4
2025-07-12,4.357142857142857,4.3,6.7,6.0,3.4,2.3,4.1,3.7
2025-07-13,3.8857142857142857,5.4,7.2,5.2,4.6,3.3,1.0,0.5
2025-07-14,5.271428571428571,3.8,6.6,4.3,3.7,3.4,10.5,4.6
2025-07-15,8.614285714285716,7.0,5.0,8.3,7.8,8.3,12.5,11.4
2025-07-16,6.871428571428573,8.1,7.7,5.9,7.7,10.4,5.7,2.6
2025-07-17,8.77142857142857,8.9,9.4,10.6,9.4,8.7,5.8,8.6
2025-07-18,0.028571428571428574,0.2,0.0,0.0,0.0,0.0,0.0,0.0
2025-07-19,6.442857142857142,3.6,5.2,5.0,6.2,6.2,8.1,10.8
2025-07-20,7.7,8.5,8.9,7.5,7.3,8.5,6.6,6.6
2025-07-21,10.542857142857143,11.1,11.1,12.2,8.2,12.0,8.9,10.3
2025-07-22,11.042857142857143,11.6,8.7,11.8,12.4,13.1,11.4,8.3
2025-07-23,10.771428571428572,13.5,12.6,11.6,12.0,12.5,5.3,7.9
2025-07-24,9.714285714285714,10.2,10.9,12.3,12.5,8.3,6.2,7.6
2025-07-25,7.814285714285715,11.4,10.5,11.0,12.0,7.7,0.4,1.7
2025-07-26,6.4,11.9,9.0,7.6,6.5,5.7,2.1,2.0
2025-07-27,8.928571428571429,11.9,12.2,10.7,8.3,9.2,6.2,4.0
2025-07-28,11.842857142857143,12.9,13.4,12.2,12.8,11.0,9.2,11.4
2025-07-29,11.728571428571428,13.1,13.4,12.3,12.8,11.5,8.9,10.1
2025-07-30,12.328571428571427,13.1,13.1,12.3,12.7,12.6,9.7,12.8
2025-07-31,10.299999999999999,13.0,12.3,12.3,12.5,12.9,5.5,3.6
2025-08-01,12.057142857142859,12.0,11.7,12.0,11.1,12.8,12.5,12.3
2025-08-02,12.528571428571427,11.8,13.1,12.2,12.4,13.0,12.4,12.8
2025-08-03,11.142857142857142,10.8,10.5,9.9,10.7,11.3,12.8,12.0
2025-08-04,3.114285714285714,1.3,1.0,2.3,2.8,4.6,5.4,4.4
2025-08-05,9.242857142857144,7.3,4.9,7.2,12.1,11.1,12.0,10.1
2025-08-06,7.114285714285714,5.5,6.9,5.5,6.1,6.9,10.7,8.2
2025-08-07,0.5714285714285714,0.4,0.7,0.1,0.0,0.0,2.5,0.3
2025-08-08,1.157142857142857,0.9,2.3,0.6,0.6,3.7,0.0,0.0
2025-08-09,0.2857142857142857,0.0,0.0,0.4,0.5,0.0,0.0,1.1
2025-08-10,0.07142857142857142,0.0,0.0,0.0,0.0,0.0,0.3,0.2
2025-08-11,0.07142857142857142,0.0,0.1,0.0,0.0,0.0,0.0,0.4
2025-08-12,5.57142857142857,3.1,5.6,5.5,7.1,5.4,7.4,4.9
2025-08-13,10.028571428571428,6.9,10.3,10.7,11.0,7.3,12.7,11.3
2025-08-14,10.814285714285715,12.1,10.0,11.6,7.4,11.9,11.5,11.2
2025-08-15,11.171428571428569,12.1,9.9,12.1,11.2,11.7,11.6,9.6
2025-08-16,10.700000000000001,12.7,10.2,11.3,8.2,11.9,11.1,9.5
2025-08-17,8.27142857142857,12.0,6.0,7.8,3.1,9.6,10.5,8.9
2025-08-18,10.385714285714286,12.3,7.9,9.5,9.8,10.2,12.4,10.6
2025-08-19,9.071428571428571,9.6,9.3,10.6,11.1,7.0,7.4,8.5
2025-08-20,6.457142857142856,7.2,9.0,10.3,8.2,5.3,2.9,2.3
2025-08-21,4.828571428571428,7.7,6.3,4.2,5.0,8.7,1.9,0.0
2025-08-22,5.371428571428571,11.0,11.0,6.6,3.6,2.3,1.3,1.8
2025-08-23,7.557142857142857,7.5,7.0,7.7,8.6,11.4,5.0,5.7
2025-08-24,7.428571428571429,7.7,7.3,9.8,5.9,7.1,6.0,8.2
2025-08-25,8.700000000000001,6.7,7.1,10.4,7.8,10.6,9.8,8.5
2025-08-26,8.857142857142858,8.1,9.5,7.4,11.3,6.7,11.1,7.9
2025-08-27,6.914285714285714,7.2,4.3,6.4,7.6,5.5,9.4,8.0
2025-08-28,8.914285714285715,8.9,7.2,7.8,10.1,9.5,11.2,7.7
2025-08-29,9.9,11.4,8.3,11.5,10.3,9.0,11.0,7.8
2025-08-30,8.057142857142859,8.7,4.2,7.5,8.4,10.2,9.2,8.2
2025-08-31,7.6000000000000005,5.5,8.5,5.1,9.6,8.1,6.2,10.2
2025-09-01,8.842857142857143,6.7,7.0,5.7,11.5,9.6,10.0,11.4
2025-09-02,7.200000000000001,4.4,4.9,4.8,7.9,11.1,9.3,8.0
2025-09-03,9.014285714285714,10.9,11.1,10.8,8.9,11.0,3.9,6.5
2025-09-04,0.2857142857142857,1.3,0.4,0.2,0.0,0.0,0.0,0.1
2025-09-05,7.985714285714286,7.4,5.7,8.4,4.8,8.7,10.5,10.4
2025-09-06,10.8,10.7,12.0,10.4,10.1,10.7,11.4,10.3
2025-09-07,9.428571428571429,8.9,6.7,8.4,10.4,10.3,12.1,9.2
2025-09-08,7.385714285714286,3.3,6.2,8.6,9.6,9.6,8.7,5.7
2025-09-09,9.071428571428571,6.6,7.8,8.6,10.8,11.0,10.3,8.4
2025-09-10,0.7999999999999999,2.2,1.6,1.6,0.1,0.0,0.1,0.0
2025-09-11,5.028571428571428,4.9,5.5,6.8,4.6,3.0,4.8,5.6
2025-09-12,4.1,1.3,1.4,1.3,5.8,5.4,6.8,6.7
2025-09-13,4.057142857142857,0.8,1.8,2.7,4.5,4.6,9.1,4.9
2025-09-14,6.557142857142858,2.9,3.9,8.0,5.3,6.5,10.6,8.7
2025-09-15,8.228571428571428,8.2,7.2,6.8,10.1,8.3,9.0,8.0
2025-09-16,8.271428571428572,6.8,9.3,10.5,8.0,7.1,8.0,8.2
2025-09-17,4.614285714285714,6.0,2.1,1.0,4.4,6.6,7.7,4.5
2025-09-18,3.4285714285714284,1.5,0.8,6.0,4.0,0.9,5.8,5.0
2025-09-19,7.457142857142858,8.3,9.7,8.7,7.5,5.7,4.2,8.1
2025-09-20,2.642857142857143,1.0,0.2,1.2,0.9,2.7,5.9,6.6
2025-09-21,7.0,7.4,10.2,7.8,7.5,5.8,3.0,7.3
2025-09-22,2.4,6.5,4.3,1.6,1.8,0.2,0.1,2.3
2025-09-23,3.7714285714285714,3.5,5.2,7.7,3.4,0.0,0.5,6.1
2025-09-24,3.1714285714285717,3.7,4.6,7.7,2.9,0.1,0.1,3.1
2025-09-25,4.342857142857143,6.1,3.3,7.3,5.4,3.7,1.5,3.1
2025-09-26,6.0,2.7,4.6,8.0,5.8,4.4,7.8,8.7
2025-09-27,1.7285714285714284,0.2,0.6,1.1,2.1,0.6,2.3,5.2
2025-09-28,2.414285714285714,2.7,1.2,3.1,0.8,1.2,3.4,4.5
2025-09-29,5.3428571428571425,2.2,7.4,8.8,5.7,4.5,4.8,4.0
2025-09-30,7.357142857142857,5.0,6.0,7.3,9.2,9.0,8.9,6.1
2025-10-01,9.12857142857143,10.6,10.4,10.0,10.6,10.8,8.3,3.2
2025-10-02,7.714285714285715,5.4,6.2,6.9,7.2,6.5,10.7,11.1
2025-10-03,1.2,0.0,0.0,0.0,0.0,0.0,3.1,5.3
2025-10-04,1.1857142857142857,0.2,0.2,0.1,1.6,1.6,2.5,2.1
2025-10-05,7.1571428571428575,5.8,7.2,9.6,5.7,5.4,8.0,8.4
2025-10-06,8.985714285714286,8.8,7.8,8.5,9.5,9.9,8.4,10.0
2025-10-07,7.5857142857142845,5.3,6.4,6.1,9.1,7.9,9.3,9.0
2025-10-08,3.5142857142857147,0.6,2.4,3.0,6.1,4.1,2.3,6.1
2025-10-09,8.771428571428572,9.5,11.0,9.6,11.1,7.5,7.6,5.1
2025-10-10,9.657142857142857,10.8,11.1,9.9,10.9,6.9,7.9,10.1
2025-10-11,7.028571428571428,10.8,11.1,9.9,10.5,1.3,0.9,4.7
2025-10-12,9.042857142857143,7.1,10.9,9.9,10.7,5.5,9.0,10.2
2025-10-13,10.12857142857143,9.5,9.3,9.8,10.5,10.2,10.7,10.9
2025-10-14,7.1571428571428575,5.9,2.9,4.7,8.4,8.6,8.7,10.9
2025-10-15,5.785714285714286,4.8,5.9,6.0,5.9,4.3,5.6,8.0
2025-10-16,5.328571428571428,0.8,2.4,3.9,6.8,5.5,9.8,8.1
2025-10-17,9.12857142857143,10.0,10.6,9.6,9.9,7.2,7.7,8.9
2025-10-18,2.5,1.8,1.2,1.8,3.4,3.5,3.0,2.8
2025-10-19,2.742857142857143,0.0,1.4,2.5,2.4,0.0,5.4,7.5
2025-10-20,3.4428571428571426,5.1,6.3,5.9,4.1,2.7,0.0,0.0
2025-10-21,1.4428571428571428,1.8,2.4,2.4,3.1,0.4,0.0,0.0
2025-10-22,0.0,0.0,0.0,0.0,0.0,0.0,0.0,0.0
2025-10-23,3.2142857142857144,9.4,5.7,2.9,4.3,0.0,0.0,0.2
2025-10-24,3.7571428571428576,9.8,9.5,4.9,1.5,0.3,0.0,0.3
2025-10-25,2.6285714285714286,0.8,0.3,2.0,6.2,0.0,0.4,8.7
2025-10-26,6.642857142857143,3.6,5.5,5.1,4.9,7.1,9.9,10.4
2025-10-27,7.985714285714286,6.9,8.4,7.9,7.6,7.9,9.8,7.4
2025-10-28,7.628571428571427,5.5,7.1,6.1,9.7,8.0,9.2,7.8
2025-10-29,9.428571428571429,10.4,10.6,9.6,10.4,8.3,7.0,9.7
2025-10-30,6.728571428571429,7.9,6.9,4.7,5.7,7.2,6.7,8.0
2025-10-31,0.4142857142857143,0.2,0.4,1.0,0.2,0.0,0.3,0.8
2025-11-01,6.514285714285714,6.6,8.2,6.6,6.1,7.2,5.3,5.6
2025-11-02,3.314285714285714,4.3,5.9,3.3,2.0,3.6,0.9,3.2
2025-11-03,7.785714285714286,5.6,5.9,7.4,9.9,6.5,9.6,9.6
2025-11-04,1.9285714285714286,3.9,2.2,1.4,2.3,2.1,0.1,1.5
2025-11-05,1.5857142857142856,5.2,4.7,1.0,0.2,0.0,0.0,0.0
2025-11-06,9.785714285714286,9.3,10.1,9.2,10.2,9.7,9.7,10.3
2025-11-07,9.257142857142858,10.0,9.8,8.3,9.8,8.8,9.2,8.9
2025-11-08,6.828571428571428,6.3,6.9,5.9,8.7,4.5,6.6,8.9
2025-11-09,1.5571428571428572,0.7,1.5,0.6,0.3,1.5,4.9,1.4
2025-11-10,5.985714285714286,8.9,8.8,5.9,8.2,8.3,1.8,0.0
2025-11-11,0.9,4.2,1.7,0.1,0.0,0.3,0.0,0.0
2025-11-12,0.2571428571428572,0.8,0.6,0.1,0.2,0.1,0.0,0.0
2025-11-13,0.0,0.0,0.0,0.0,0.0,0.0,0.0,0.0
2025-11-14,9.342857142857142,8.6,9.2,8.4,9.8,9.8,9.5,10.1
2025-11-15,9.614285714285714,9.6,9.8,9.0,9.9,9.7,9.4,9.9
2025-11-16,9.214285714285714,9.5,9.9,8.9,10.0,9.4,8.5,8.3
2025-11-17,3.3571428571428577,2.2,4.4,3.8,3.2,4.6,3.0,2.3
2025-11-18,1.8714285714285714,1.0,1.5,0.1,0.1,3.4,3.1,3.9
2025-11-19,2.885714285714286,0.9,2.7,0.0,4.5,4.7,3.8,3.6
2025-11-20,5.971428571428571,4.5,7.2,4.9,2.4,8.6,9.7,4.5
2025-11-21,7.628571428571428,8.2,8.7,5.2,6.1,9.4,9.1,6.7
2025-11-22,9.657142857142858,9.3,9.8,8.9,9.9,9.8,10.0,9.9
2025-11-23,9.285714285714286,8.3,9.7,8.5,9.5,9.7,9.4,9.9
2025-11-24,4.742857142857142,2.0,2.9,2.5,3.0,6.5,8.5,7.8
2025-11-25,3.4428571428571426,2.4,3.3,2.2,3.9,3.0,5.0,4.3
2025-11-26,6.6571428571428575,0.1,6.8,7.9,7.0,5.4,9.8,9.6
2025-11-27,4.957142857142857,3.5,4.7,1.6,4.7,8.1,7.2,4.9
2025-11-28,6.571428571428571,2.5,5.2,3.7,7.8,9.5,9.6,7.7
2025-11-29,9.5,9.3,9.7,8.8,9.7,9.6,9.6,9.8
2025-11-30,7.642857142857143,6.5,6.8,2.0,9.5,9.5,9.7,9.5
2025-12-01,5.057142857142857,4.9,7.5,5.2,3.6,4.4,5.2,4.6
2025-12-02,4.871428571428572,6.0,6.9,6.0,4.5,5.9,2.1,2.7
2025-12-03,3.814285714285714,2.5,4.4,0.2,5.0,3.6,7.1,3.9
2025-12-04,4.928571428571429,0.9,3.1,0.7,5.5,6.3,9.8,8.2
2025-12-05,7.514285714285713,5.7,8.5,8.2,8.2,5.7,9.4,6.9
2025-12-06,7.271428571428571,7.7,8.6,7.4,6.4,9.4,6.0,5.4
2025-12-07,6.514285714285713,5.3,5.1,2.8,3.9,9.2,9.6,9.7
2025-12-08,6.042857142857143,4.0,8.2,7.1,6.4,6.6,5.2,4.8
2025-12-09,8.342857142857143,8.8,8.7,7.4,8.3,8.8,7.8,8.6
2025-12-10,8.457142857142857,7.5,8.7,8.0,8.5,8.0,9.3,9.2
2025-12-11,2.2,1.6,2.7,2.6,2.0,3.9,2.1,0.5
2025-12-12,7.157142857142858,4.2,7.2,8.2,8.8,3.2,9.3,9.2
2025-12-13,0.5000000000000001,0.4,0.4,0.0,2.1,0.0,0.0,0.6
2025-12-14,3.342857142857143,1.0,3.3,1.0,5.5,2.4,6.9,3.3
2025-12-15,6.385714285714286,4.1,5.6,4.2,6.1,7.1,9.6,8.0
2025-12-16,6.757142857142857,3.1,6.6,4.6,6.6,7.2,9.6,9.6
2025-12-17,2.857142857142857,2.2,3.4,2.4,2.2,2.8,3.7,3.3
2025-12-18,7.771428571428571,1.8,7.2,8.3,9.1,9.1,9.4,9.5
2025-12-19,6.542857142857143,7.9,6.9,6.1,8.5,6.5,4.6,5.3
2025-12-20,4.414285714285714,5.2,5.8,7.8,6.6,5.5,0.0,0.0
2025-12-21,2.0285714285714285,1.1,2.2,4.1,1.0,1.2,2.4,2.2
2025-12-22,8.085714285714287,5.5,8.6,8.6,9.5,5.1,9.6,9.7
2025-12-23,7.557142857142857,6.7,6.8,6.7,7.8,7.8,8.1,9.0
2025-12-24,0.7571428571428571,0.4,0.4,0.3,0.5,1.6,0.4,1.7
2025-12-25,1.2571428571428573,0.9,1.9,1.2,0.9,0.5,2.0,1.4
2025-12-26,5.3999999999999995,0.9,2.3,4.4,7.2,7.2,9.7,6.1
2025-12-27,6.614285714285715,1.4,4.8,4.3,7.5,9.4,9.3,9.6
2025-12-28,8.12857142857143,4.9,7.9,6.3,9.5,9.3,9.4,9.6
2025-12-29,5.014285714285714,1.7,3.4,6.0,3.4,7.8,7.8,5.0
2025-12-30,4.357142857142858,3.7,4.9,5.8,5.2,3.6,4.6,2.7
2025-12-31,6.414285714285714,3.6,7.4,7.1,8.5,6.8,6.5,5.0
2026-01-01,3.5,1.7,1.5,3.1,3.0,5.5,5.7,4.0
2026-01-02,4.828571428571428,3.6,6.7,2.6,4.4,3.4,9.5,3.6
2026-01-03,8.085714285714285,7.0,8.1,7.0,8.3,7.6,9.8,8.8
2026-01-04,3.771428571428572,0.8,1.9,0.1,0.9,9.4,9.5,3.8
2026-01-05,1.757142857142857,1.4,1.2,0.7,1.3,3.8,3.8,0.1
2026-01-06,9.342857142857143,9.0,9.6,8.5,9.6,9.5,9.7,9.5
2026-01-07,6.357142857142857,4.6,7.1,4.3,6.8,8.2,7.0,6.5
2026-01-08,7.028571428571428,8.0,6.9,5.0,5.7,5.9,9.8,7.9
2026-01-09,7.928571428571429,7.6,6.9,2.5,9.4,9.5,9.9,9.7
2026-01-10,6.271428571428571,6.3,3.8,3.3,4.3,8.7,9.6,7.9
2026-01-11,3.3571428571428577,2.7,3.0,0.3,4.4,2.4,8.4,2.3
2026-01-12,3.885714285714286,0.9,0.4,0.0,5.0,9.3,9.8,1.8
2026-01-13,6.957142857142856,7.3,7.1,5.8,6.7,5.9,9.5,6.4
2026-01-14,9.4,9.3,9.5,8.5,9.5,9.6,9.8,9.6
2026-01-15,5.485714285714286,6.6,3.5,4.7,2.5,5.2,8.8,7.1
2026-01-16,8.542857142857143,9.1,7.7,8.5,9.3,9.0,9.6,6.6
2026-01-17,9.257142857142856,8.3,9.1,8.7,9.5,9.5,9.8,9.9
2026-01-18,5.9,8.6,8.5,7.1,6.7,7.4,1.3,1.7
2026-01-19,6.1,6.8,7.2,6.2,4.1,5.4,6.2,6.8
2026-01-20,3.985714285714286,0.4,0.5,5.4,4.2,3.4,6.7,7.3
2026-01-21,5.042857142857143,4.5,7.2,4.0,3.6,2.8,9.9,3.3
2026-01-22,6.514285714285714,6.9,6.0,3.0,7.7,9.8,9.9,2.3
2026-01-23,5.185714285714285,1.9,1.7,1.7,4.0,9.5,10.0,7.5
2026-01-24,5.028571428571428,3.4,7.1,1.9,4.5,5.5,9.2,3.6
2026-01-25,8.32857142857143,8.1,9.0,5.8,7.3,9.2,9.8,9.1
2026-01-26,6.257142857142858,5.9,5.6,4.3,6.2,7.7,7.9,6.2
2026-01-27,4.171428571428572,2.8,5.7,2.7,4.9,4.8,8.3,0.0
2026-01-28,9.542857142857143,9.0,9.9,9.0,9.7,9.6,9.7,9.9
2026-01-29,6.700000000000001,3.9,5.9,5.1,6.9,6.3,9.8,9.0
2026-01-30,6.885714285714286,7.5,8.1,4.9,6.7,7.5,7.2,6.3
2026-01-31,4.328571428571428,6.1,5.5,5.7,4.6,6.9,0.7,0.8
2026-02-01,5.771428571428572,3.0,6.5,1.1,6.7,7.5,9.9,5.7
2026-02-02,5.428571428571428,3.0,4.1,4.1,6.1,6.5,8.3,5.9
2026-02-03,9.985714285714284,10.0,10.2,9.1,10.1,9.9,10.3,10.3
2026-02-04,5.885714285714285,3.0,2.9,2.3,3.4,9.7,10.2,9.7
2026-02-05,1.4857142857142858,1.6,1.2,1.0,1.0,2.2,1.4,2.0
2026-02-06,1.5999999999999999,2.8,2.7,0.8,1.6,3.1,0.2,0.0
2026-02-07,2.971428571428571,1.0,2.7,1.5,1.9,4.2,7.1,2.4
2026-02-08,4.314285714285714,2.8,2.5,1.6,3.3,8.2,9.9,1.9
2026-02-09,8.814285714285715,8.4,9.3,4.8,9.5,10.0,10.5,9.2
2026-02-10,0.6714285714285715,0.4,0.0,0.0,0.4,1.7,1.8,0.4
2026-02-11,3.0714285714285716,3.5,3.8,2.1,3.0,0.6,4.9,3.6
2026-02-12,9.357142857142858,9.5,9.8,7.8,8.6,9.9,10.5,9.4
2026-02-13,9.885714285714286,9.6,9.8,8.6,10.2,10.2,10.5,10.3
2026-02-14,2.314285714285714,1.6,1.2,0.0,1.7,3.7,5.4,2.6
2026-02-15,6.028571428571429,4.7,6.0,5.7,5.3,5.4,7.7,7.4
2026-02-16,2.8714285714285714,0.4,1.1,1.4,1.3,3.1,7.0,5.8
2026-02-17,9.242857142857144,10.5,10.5,9.7,9.5,10.1,4.3,10.1
2026-02-18,10.2,9.6,10.3,9.7,10.2,10.5,10.8,10.3
2026-02-19,7.771428571428572,7.2,4.2,7.4,8.9,6.0,10.2,10.5
2026-02-20,7.7,9.1,9.0,8.9,7.7,6.4,5.4,7.4
2026-02-21,10.414285714285715,10.6,9.9,9.7,10.7,10.5,10.8,10.7
2026-02-22,5.385714285714286,7.5,4.0,2.7,5.4,8.0,5.5,4.6
2026-02-23,10.142857142857142,10.4,10.5,9.6,10.3,10.1,9.9,10.2
2026-02-24,2.1714285714285713,0.2,1.0,0.8,4.1,2.3,1.2,5.6
2026-02-25,1.9714285714285713,0.0,1.4,5.1,2.2,0.0,3.0,2.1
2026-02-26,4.628571428571428,7.4,8.6,4.9,8.4,0.3,0.0,2.8
2026-02-27,0.014285714285714287,0.0,0.0,0.0,0.0,0.0,0.0,0.1
2026-02-28,7.799999999999999,5.8,7.2,9.5,9.8,7.4,6.4,8.5
2026-03-01,8.87142857142857,9.7,9.8,7.5,7.8,9.0,9.5,8.8
2026-03-02,0.0,0.0,0.0,0.0,0.0,0.0,0.0,0.0
2026-03-03,3.5,0.0,1.3,3.6,5.0,2.6,4.6,7.4
2026-03-04,8.928571428571429,6.5,7.5,9.1,9.4,8.7,10.7,10.6
2026-03-05,8.414285714285715,8.4,8.8,9.6,8.9,7.5,8.0,7.7
2026-03-06,1.0999999999999999,0.6,1.0,0.7,0.4,0.0,3.1,1.9
2026-03-07,7.728571428571428,5.5,8.0,6.7,7.1,8.2,9.4,9.2
2026-03-08,7.542857142857143,5.1,5.8,6.6,9.9,6.3,9.8,9.3
2026-03-09,7.428571428571429,5.4,6.3,5.7,7.3,6.9,10.7,9.7
2026-03-10,9.242857142857144,9.1,8.4,7.5,10.4,7.2,10.9,11.2
2026-03-11,9.957142857142857,10.8,10.9,10.2,9.0,8.9,9.5,10.4
2026-03-12,8.914285714285715,9.3,8.8,9.8,10.2,10.2,7.4,6.7
2026-03-13,8.171428571428573,4.1,7.0,8.0,9.4,7.0,10.5,11.2
2026-03-14,10.171428571428573,6.8,9.5,9.6,11.0,11.3,11.5,11.5
2026-03-15,9.014285714285714,7.4,7.9,8.3,8.3,8.6,11.2,11.4
2026-03-16,8.928571428571429,8.2,7.5,8.0,9.0,9.0,10.0,10.8
2026-03-17,9.5,10.7,11.0,10.4,10.9,10.8,5.0,7.7
2026-03-18,0.24285714285714283,0.0,0.0,0.0,0.0,0.6,0.7,0.4
2026-03-19,5.771428571428571,7.7,6.9,7.5,5.3,6.7,1.5,4.8
2026-03-20,9.9,9.5,9.2,9.5,9.6,9.6,10.5,11.4
2026-03-21,9.128571428571428,11.2,11.5,10.7,10.0,10.8,7.3,2.4
2026-03-22,1.4142857142857141,1.6,1.9,1.2,2.9,1.4,0.2,0.7
2026-03-23,8.257142857142856,10.1,11.1,9.6,8.7,6.9,5.3,6.1
2026-03-24,5.1571428571428575,8.8,6.8,6.4,4.2,7.9,1.3,0.7
2026-03-25,0.05714285714285715,0.0,0.0,0.3,0.0,0.0,0.0,0.1
2026-03-26,10.514285714285714,9.4,11.2,10.1,10.8,10.9,10.9,10.3
2026-03-27,9.414285714285713,10.0,10.5,8.3,8.8,9.7,9.4,9.2
2026-03-28,10.299999999999999,10.4,10.4,10.1,10.4,9.9,10.4,10.5
2026-03-29,7.757142857142858,6.5,8.1,8.3,9.1,8.1,7.5,6.7
2026-03-30,2.6428571428571423,2.1,2.5,0.6,3.2,6.1,2.1,1.9
2026-03-31,2.6571428571428575,0.1,2.1,2.3,0.7,5.2,5.0,3.2
